year;week;timestamp;customer_id;factory_id;product_id;amount
0;0;000;Customer 1;1;A;125
0;0;000;Customer 2;1;A;400
0;0;000;Customer 3;1;A;774
0;0;000;Customer 4;1;A;333
0;0;000;Customer 5;1;A;755
0;0;000;Customer 6;1;A;205
0;0;000;Customer 7;1;A;565
0;0;000;Customer 8;1;A;447
0;0;000;Customer 9;1;A;806
0;0;000;Customer 10;1;A;510
0;0;000;Customer 14;1;A;129
0;0;000;Unknown;1;A;5049
0;0;000;Customer 1;1;B;170
0;0;000;Customer 2;1;B;273
0;0;000;Customer 11;1;B;569
0;0;000;Customer 4;1;B;468
0;0;000;Customer 5;1;B;1099
0;0;000;Customer 12;1;B;253
0;0;000;Customer 8;1;B;711
0;0;000;Customer 13;1;B;674
0;0;000;Customer 10;1;B;938
0;0;000;Customer 3;1;B;92
0;0;000;Unknown;1;B;5247
0;0;000;Customer 3;1;C;752
0;0;000;Customer 11;1;C;332
0;0;000;Customer 5;1;C;257
0;0;000;Customer 6;1;C;457
0;0;000;Customer 7;1;C;855
0;0;000;Customer 8;1;C;106
0;0;000;Customer 9;1;C;902
0;0;000;Customer 10;1;C;512
0;0;000;Customer 1;1;C;108
0;0;000;Customer 12;1;C;253
0;0;000;Unknown;1;C;4534
0;1;001;Customer 1;1;A;237
0;1;001;Customer 2;1;A;198
0;1;001;Customer 3;1;A;534
0;1;001;Customer 4;1;A;941
0;1;001;Customer 5;1;A;641
0;1;001;Customer 6;1;A;852
0;1;001;Customer 7;1;A;402
0;1;001;Customer 8;1;A;112
0;1;001;Customer 9;1;A;541
0;1;001;Customer 10;1;A;997
0;1;001;Customer 14;1;A;119
0;1;001;Unknown;1;A;5575
0;1;001;Customer 1;1;B;973
0;1;001;Customer 2;1;B;752
0;1;001;Customer 11;1;B;447
0;1;001;Customer 4;1;B;215
0;1;001;Customer 5;1;B;533
0;1;001;Customer 12;1;B;364
0;1;001;Customer 8;1;B;263
0;1;001;Customer 13;1;B;609
0;1;001;Customer 10;1;B;691
0;1;001;Customer 3;1;B;102
0;1;001;Unknown;1;B;4950
0;1;001;Customer 3;1;C;406
0;1;001;Customer 11;1;C;801
0;1;001;Customer 5;1;C;243
0;1;001;Customer 6;1;C;677
0;1;001;Customer 7;1;C;577
0;1;001;Customer 8;1;C;729
0;1;001;Customer 10;1;C;381
0;1;001;Customer 1;1;C;290
0;1;001;Customer 12;1;C;364
0;1;001;Unknown;1;C;4469
0;1;001;Customer 2;2;A;825
0;1;001;Customer 5;2;A;900
0;1;001;Customer 6;2;A;825
0;1;001;Customer 8;2;A;900
0;1;001;Customer 9;2;A;825
0;1;001;Customer 10;2;A;500
0;1;001;Customer 11;2;A;825
0;1;001;Unknown;2;A;5600
0;1;001;Customer 2;2;D;200
0;1;001;Customer 4;2;D;90
0;1;001;Customer 6;2;D;300
0;1;001;Customer 10;2;D;900
0;1;001;Unknown;2;D;1490
0;2;002;Customer 1;1;A;240
0;2;002;Customer 2;1;A;533
0;2;002;Customer 3;1;A;545
0;2;002;Customer 4;1;A;898
0;2;002;Customer 5;1;A;134
0;2;002;Customer 6;1;A;440
0;2;002;Customer 7;1;A;443
0;2;002;Customer 8;1;A;81
0;2;002;Customer 9;1;A;907
0;2;002;Customer 10;1;A;344
0;2;002;Customer 14;1;A;100
0;2;002;Unknown;1;A;4667
0;2;002;Customer 1;1;B;35
0;2;002;Customer 2;1;B;845
0;2;002;Customer 11;1;B;228
0;2;002;Customer 4;1;B;343
0;2;002;Customer 5;1;B;752
0;2;002;Customer 12;1;B;290
0;2;002;Customer 8;1;B;885
0;2;002;Customer 13;1;B;102
0;2;002;Customer 10;1;B;170
0;2;002;Customer 3;1;B;74
0;2;002;Unknown;1;B;3726
0;2;002;Customer 3;1;C;931
0;2;002;Customer 11;1;C;770
0;2;002;Customer 5;1;C;778
0;2;002;Customer 6;1;C;527
0;2;002;Customer 7;1;C;833
0;2;002;Customer 8;1;C;774
0;2;002;Customer 9;1;C;794
0;2;002;Customer 10;1;C;509
0;2;002;Customer 1;1;C;254
0;2;002;Customer 12;1;C;290
0;2;002;Unknown;1;C;6462
0;2;002;Customer 2;2;A;825
0;2;002;Customer 3;2;A;825
0;2;002;Customer 5;2;A;900
0;2;002;Customer 6;2;A;825
0;2;002;Customer 8;2;A;900
0;2;002;Customer 9;2;A;825
0;2;002;Customer 10;2;A;500
0;2;002;Customer 11;2;A;825
0;2;002;Unknown;2;A;6425
0;2;002;Customer 2;2;D;205
0;2;002;Customer 6;2;D;300
0;2;002;Customer 8;2;D;250
0;2;002;Customer 10;2;D;900
0;2;002;Unknown;2;D;1655
0;3;003;Customer 1;1;A;864
0;3;003;Customer 2;1;A;432
0;3;003;Customer 3;1;A;653
0;3;003;Customer 4;1;A;846
0;3;003;Customer 5;1;A;134
0;3;003;Customer 6;1;A;775
0;3;003;Customer 7;1;A;593
0;3;003;Customer 8;1;A;98
0;3;003;Customer 9;1;A;123
0;3;003;Customer 10;1;A;512
0;3;003;Customer 14;1;A;87
0;3;003;Unknown;1;A;5120
0;3;003;Customer 1;1;B;189
0;3;003;Customer 11;1;B;502
0;3;003;Customer 4;1;B;982
0;3;003;Customer 5;1;B;430
0;3;003;Customer 12;1;B;550
0;3;003;Customer 8;1;B;529
0;3;003;Customer 13;1;B;270
0;3;003;Customer 10;1;B;328
0;3;003;Customer 3;1;B;113
0;3;003;Unknown;1;B;3896
0;3;003;Customer 3;1;C;108
0;3;003;Customer 11;1;C;386
0;3;003;Customer 5;1;C;581
0;3;003;Customer 6;1;C;735
0;3;003;Customer 7;1;C;455
0;3;003;Customer 8;1;C;984
0;3;003;Customer 9;1;C;842
0;3;003;Customer 10;1;C;181
0;3;003;Customer 1;1;C;206
0;3;003;Customer 12;1;C;550
0;3;003;Unknown;1;C;5031
0;3;003;Customer 2;2;A;825
0;3;003;Customer 13;2;A;900
0;3;003;Customer 5;2;A;900
0;3;003;Customer 6;2;A;825
0;3;003;Customer 10;2;A;500
0;3;003;Customer 11;2;A;825
0;3;003;Unknown;2;A;4775
0;3;003;Customer 2;2;D;175
0;3;003;Customer 3;2;D;150
0;3;003;Customer 6;2;D;300
0;3;003;Customer 10;2;D;900
0;3;003;Unknown;2;D;1525
0;4;004;Customer 1;1;A;391
0;4;004;Customer 2;1;A;168
0;4;004;Customer 3;1;A;666
0;4;004;Customer 4;1;A;97
0;4;004;Customer 5;1;A;883
0;4;004;Customer 6;1;A;113
0;4;004;Customer 7;1;A;356
0;4;004;Customer 8;1;A;984
0;4;004;Customer 9;1;A;833
0;4;004;Customer 10;1;A;222
0;4;004;Customer 14;1;A;99
0;4;004;Unknown;1;A;4816
0;4;004;Customer 1;1;B;175
0;4;004;Customer 2;1;B;654
0;4;004;Customer 11;1;B;687
0;4;004;Customer 4;1;B;167
0;4;004;Customer 5;1;B;362
0;4;004;Customer 12;1;B;772
0;4;004;Customer 8;1;B;394
0;4;004;Customer 13;1;B;189
0;4;004;Customer 10;1;B;654
0;4;004;Customer 3;1;B;92
0;4;004;Unknown;1;B;4150
0;4;004;Customer 3;1;C;341
0;4;004;Customer 11;1;C;569
0;4;004;Customer 5;1;C;106
0;4;004;Customer 6;1;C;316
0;4;004;Customer 7;1;C;182
0;4;004;Customer 8;1;C;753
0;4;004;Customer 9;1;C;449
0;4;004;Customer 10;1;C;936
0;4;004;Customer 1;1;C;284
0;4;004;Customer 12;1;C;772
0;4;004;Unknown;1;C;4712
0;4;004;Customer 2;2;A;825
0;4;004;Customer 3;2;A;825
0;4;004;Customer 13;2;A;900
0;4;004;Customer 5;2;A;900
0;4;004;Customer 10;2;A;500
0;4;004;Customer 11;2;A;825
0;4;004;Unknown;2;A;4775
0;4;004;Customer 2;2;D;300
0;4;004;Customer 4;2;D;100
0;4;004;Customer 6;2;D;300
0;4;004;Customer 8;2;D;200
0;4;004;Customer 10;2;D;900
0;4;004;Unknown;2;D;1800
0;5;005;Customer 1;1;A;948
0;5;005;Customer 2;1;A;476
0;5;005;Customer 3;1;A;349
0;5;005;Customer 4;1;A;102
0;5;005;Customer 5;1;A;530
0;5;005;Customer 6;1;A;767
0;5;005;Customer 7;1;A;278
0;5;005;Customer 8;1;A;543
0;5;005;Customer 9;1;A;166
0;5;005;Customer 10;1;A;979
0;5;005;Customer 14;1;A;127
0;5;005;Unknown;1;A;5270
0;5;005;Customer 1;1;B;491
0;5;005;Customer 2;1;B;775
0;5;005;Customer 11;1;B;149
0;5;005;Customer 4;1;B;515
0;5;005;Customer 5;1;B;558
0;5;005;Customer 12;1;B;154
0;5;005;Customer 8;1;B;177
0;5;005;Customer 13;1;B;565
0;5;005;Customer 10;1;B;356
0;5;005;Customer 3;1;B;82
0;5;005;Unknown;1;B;3827
0;5;005;Customer 3;1;C;256
0;5;005;Customer 11;1;C;646
0;5;005;Customer 5;1;C;163
0;5;005;Customer 6;1;C;382
0;5;005;Customer 7;1;C;235
0;5;005;Customer 8;1;C;860
0;5;005;Customer 9;1;C;543
0;5;005;Customer 10;1;C;151
0;5;005;Customer 1;1;C;292
0;5;005;Customer 12;1;C;154
0;5;005;Unknown;1;C;3687
0;5;005;Customer 2;2;A;825
0;5;005;Customer 3;2;A;750
0;5;005;Customer 13;2;A;825
0;5;005;Customer 5;2;A;900
0;5;005;Customer 10;2;A;825
0;5;005;Customer 11;2;A;825
0;5;005;Unknown;2;A;4950
0;5;005;Customer 2;2;D;600
0;5;005;Customer 6;2;D;300
0;5;005;Customer 10;2;D;975
0;5;005;Unknown;2;D;1875
0;6;006;Customer 2;1;A;777
0;6;006;Customer 3;1;A;844
0;6;006;Customer 4;1;A;323
0;6;006;Customer 5;1;A;788
0;6;006;Customer 6;1;A;975
0;6;006;Customer 7;1;A;424
0;6;006;Customer 8;1;A;284
0;6;006;Customer 9;1;A;900
0;6;006;Customer 10;1;A;751
0;6;006;Customer 14;1;A;127
0;6;006;Unknown;1;A;6199
0;6;006;Customer 1;1;B;696
0;6;006;Customer 2;1;B;515
0;6;006;Customer 11;1;B;525
0;6;006;Customer 4;1;B;527
0;6;006;Customer 5;1;B;679
0;6;006;Customer 12;1;B;864
0;6;006;Customer 8;1;B;266
0;6;006;Customer 13;1;B;873
0;6;006;Customer 10;1;B;713
0;6;006;Customer 3;1;B;115
0;6;006;Unknown;1;B;5779
0;6;006;Customer 3;1;C;960
0;6;006;Customer 11;1;C;930
0;6;006;Customer 5;1;C;490
0;6;006;Customer 6;1;C;592
0;6;006;Customer 7;1;C;103
0;6;006;Customer 8;1;C;864
0;6;006;Customer 9;1;C;908
0;6;006;Customer 10;1;C;300
0;6;006;Customer 1;1;C;105
0;6;006;Customer 12;1;C;186
0;6;006;Unknown;1;C;5444
0;6;006;Customer 2;2;A;825
0;6;006;Customer 3;2;A;750
0;6;006;Customer 13;2;A;825
0;6;006;Customer 5;2;A;900
0;6;006;Customer 6;2;A;900
0;6;006;Customer 10;2;A;825
0;6;006;Customer 11;2;A;825
0;6;006;Unknown;2;A;5850
0;6;006;Customer 2;2;D;500
0;6;006;Customer 6;2;D;300
0;6;006;Customer 10;2;D;975
0;6;006;Unknown;2;D;1775
0;7;007;Customer 1;1;A;497
0;7;007;Customer 2;1;A;615
0;7;007;Customer 3;1;A;639
0;7;007;Customer 4;1;A;342
0;7;007;Customer 5;1;A;132
0;7;007;Customer 7;1;A;154
0;7;007;Customer 8;1;A;200
0;7;007;Customer 9;1;A;899
0;7;007;Customer 10;1;A;233
0;7;007;Customer 14;1;A;88
0;7;007;Unknown;1;A;3806
0;7;007;Customer 1;1;B;471
0;7;007;Customer 2;1;B;833
0;7;007;Customer 4;1;B;785
0;7;007;Customer 5;1;B;993
0;7;007;Customer 12;1;B;461
0;7;007;Customer 8;1;B;122
0;7;007;Customer 13;1;B;539
0;7;007;Customer 10;1;B;815
0;7;007;Customer 3;1;B;150
0;7;007;Unknown;1;B;5176
0;7;007;Customer 3;1;C;686
0;7;007;Customer 11;1;C;624
0;7;007;Customer 5;1;C;282
0;7;007;Customer 6;1;C;440
0;7;007;Customer 7;1;C;339
0;7;007;Customer 8;1;C;661
0;7;007;Customer 9;1;C;756
0;7;007;Customer 10;1;C;969
0;7;007;Customer 1;1;C;111
0;7;007;Customer 12;1;C;461
0;7;007;Unknown;1;C;5336
0;7;007;Customer 3;2;A;750
0;7;007;Customer 5;2;A;900
0;7;007;Customer 6;2;A;900
0;7;007;Customer 8;2;A;750
0;7;007;Customer 9;2;A;750
0;7;007;Customer 11;2;A;825
0;7;007;Unknown;2;A;4875
0;7;007;Customer 2;2;D;500
0;7;007;Customer 3;2;D;140
0;7;007;Customer 6;2;D;300
0;7;007;Customer 10;2;D;975
0;7;007;Unknown;2;D;1915
0;8;008;Customer 1;1;A;364
0;8;008;Customer 2;1;A;814
0;8;008;Customer 4;1;A;332
0;8;008;Customer 5;1;A;995
0;8;008;Customer 6;1;A;187
0;8;008;Customer 7;1;A;416
0;8;008;Customer 8;1;A;119
0;8;008;Customer 9;1;A;178
0;8;008;Customer 10;1;A;788
0;8;008;Customer 14;1;A;101
0;8;008;Unknown;1;A;4302
0;8;008;Customer 2;1;B;115
0;8;008;Customer 11;1;B;481
0;8;008;Customer 4;1;B;803
0;8;008;Customer 5;1;B;407
0;8;008;Customer 12;1;B;667
0;8;008;Customer 8;1;B;987
0;8;008;Customer 13;1;B;227
0;8;008;Customer 10;1;B;983
0;8;008;Customer 3;1;B;137
0;8;008;Unknown;1;B;4815
0;8;008;Customer 3;1;C;746
0;8;008;Customer 11;1;C;399
0;8;008;Customer 5;1;C;486
0;8;008;Customer 6;1;C;998
0;8;008;Customer 7;1;C;829
0;8;008;Customer 8;1;C;952
0;8;008;Customer 9;1;C;511
0;8;008;Customer 10;1;C;387
0;8;008;Customer 1;1;C;142
0;8;008;Customer 12;1;C;667
0;8;008;Unknown;1;C;6125
0;8;008;Customer 3;2;A;750
0;8;008;Customer 5;2;A;900
0;8;008;Customer 6;2;A;900
0;8;008;Customer 8;2;A;750
0;8;008;Customer 9;2;A;750
0;8;008;Customer 10;2;A;825
0;8;008;Customer 11;2;A;825
0;8;008;Unknown;2;A;5700
0;8;008;Customer 2;2;D;400
0;8;008;Customer 6;2;D;300
0;8;008;Customer 8;2;D;300
0;8;008;Customer 10;2;D;975
0;8;008;Unknown;2;D;1975
0;9;009;Customer 1;1;A;251
0;9;009;Customer 2;1;A;197
0;9;009;Customer 3;1;A;791
0;9;009;Customer 5;1;A;424
0;9;009;Customer 6;1;A;925
0;9;009;Customer 7;1;A;413
0;9;009;Customer 8;1;A;138
0;9;009;Customer 9;1;A;338
0;9;009;Customer 14;1;A;111
0;9;009;Unknown;1;A;3597
0;9;009;Customer 1;1;B;128
0;9;009;Customer 2;1;B;199
0;9;009;Customer 11;1;B;739
0;9;009;Customer 4;1;B;553
0;9;009;Customer 5;1;B;171
0;9;009;Customer 12;1;B;986
0;9;009;Customer 8;1;B;470
0;9;009;Customer 13;1;B;482
0;9;009;Customer 10;1;B;717
0;9;009;Customer 3;1;B;95
0;9;009;Unknown;1;B;4549
0;9;009;Customer 3;1;C;635
0;9;009;Customer 11;1;C;447
0;9;009;Customer 5;1;C;391
0;9;009;Customer 7;1;C;208
0;9;009;Customer 8;1;C;511
0;9;009;Customer 9;1;C;552
0;9;009;Customer 10;1;C;302
0;9;009;Customer 1;1;C;125
0;9;009;Customer 12;1;C;187
0;9;009;Unknown;1;C;3367
0;9;009;Customer 2;2;A;750
0;9;009;Customer 3;2;A;750
0;9;009;Customer 5;2;A;750
0;9;009;Customer 6;2;A;750
0;9;009;Customer 8;2;A;750
0;9;009;Customer 9;2;A;825
0;9;009;Customer 10;2;A;750
0;9;009;Unknown;2;A;5325
0;9;009;Customer 2;2;D;1050
0;9;009;Customer 4;2;D;100
0;9;009;Customer 6;2;D;300
0;9;009;Customer 10;2;D;900
0;9;009;Unknown;2;D;2350
0;10;010;Customer 1;1;A;798
0;10;010;Customer 2;1;A;969
0;10;010;Customer 3;1;A;436
0;10;010;Customer 4;1;A;1155
0;10;010;Customer 5;1;A;636
0;10;010;Customer 6;1;A;723
0;10;010;Customer 7;1;A;398
0;10;010;Customer 8;1;A;756
0;10;010;Customer 9;1;A;831
0;10;010;Customer 10;1;A;579
0;10;010;Customer 14;1;A;88
0;10;010;Unknown;1;A;7379
0;10;010;Customer 1;1;B;443
0;10;010;Customer 11;1;B;455
0;10;010;Customer 4;1;B;460
0;10;010;Customer 5;1;B;257
0;10;010;Customer 12;1;B;759
0;10;010;Customer 8;1;B;131
0;10;010;Customer 10;1;B;724
0;10;010;Customer 3;1;B;109
0;10;010;Unknown;1;B;3348
0;10;010;Customer 3;1;C;997
0;10;010;Customer 11;1;C;228
0;10;010;Customer 5;1;C;486
0;10;010;Customer 6;1;C;907
0;10;010;Customer 7;1;C;814
0;10;010;Customer 8;1;C;766
0;10;010;Customer 9;1;C;475
0;10;010;Customer 10;1;C;39
0;10;010;Customer 1;1;C;123
0;10;010;Customer 12;1;C;759
0;10;010;Unknown;1;C;5604
0;10;010;Customer 2;2;A;750
0;10;010;Customer 3;2;A;750
0;10;010;Customer 5;2;A;750
0;10;010;Customer 6;2;A;750
0;10;010;Customer 8;2;A;750
0;10;010;Customer 9;2;A;825
0;10;010;Customer 10;2;A;750
0;10;010;Customer 11;2;A;900
0;10;010;Unknown;2;A;6225
0;10;010;Customer 2;2;D;1050
0;10;010;Customer 6;2;D;300
0;10;010;Customer 10;2;D;900
0;10;010;Unknown;2;D;2250
0;11;011;Customer 1;1;A;869
0;11;011;Customer 2;1;A;471
0;11;011;Customer 3;1;A;171
0;11;011;Customer 4;1;A;1153
0;11;011;Customer 5;1;A;379
0;11;011;Customer 6;1;A;883
0;11;011;Customer 8;1;A;476
0;11;011;Customer 9;1;A;797
0;11;011;Customer 10;1;A;663
0;11;011;Unknown;1;A;5873
0;11;011;Customer 1;1;B;208
0;11;011;Customer 2;1;B;297
0;11;011;Customer 11;1;B;424
0;11;011;Customer 4;1;B;931
0;11;011;Customer 5;1;B;936
0;11;011;Customer 12;1;B;861
0;11;011;Customer 8;1;B;491
0;11;011;Customer 13;1;B;552
0;11;011;Customer 10;1;B;351
0;11;011;Customer 3;1;B;97
0;11;011;Unknown;1;B;5159
0;11;011;Customer 3;1;C;277
0;11;011;Customer 11;1;C;259
0;11;011;Customer 5;1;C;253
0;11;011;Customer 6;1;C;127
0;11;011;Customer 7;1;C;197
0;11;011;Customer 8;1;C;320
0;11;011;Customer 9;1;C;269
0;11;011;Customer 10;1;C;90
0;11;011;Customer 1;1;C;73
0;11;011;Customer 12;1;C;181
0;11;011;Unknown;1;C;2057
0;11;011;Customer 2;2;A;750
0;11;011;Customer 3;2;A;750
0;11;011;Customer 5;2;A;750
0;11;011;Customer 6;2;A;750
0;11;011;Customer 8;2;A;750
0;11;011;Customer 9;2;A;825
0;11;011;Customer 11;2;A;900
0;11;011;Unknown;2;A;5475
0;11;011;Customer 2;2;D;1050
0;11;011;Customer 3;2;D;400
0;11;011;Customer 6;2;D;300
0;11;011;Customer 10;2;D;900
0;11;011;Unknown;2;D;2650
0;12;012;Customer 1;1;A;501
0;12;012;Customer 2;1;A;907
0;12;012;Customer 3;1;A;763
0;12;012;Customer 4;1;A;936
0;12;012;Customer 5;1;A;360
0;12;012;Customer 6;1;A;687
0;12;012;Customer 7;1;A;120
0;12;012;Customer 8;1;A;772
0;12;012;Customer 9;1;A;143
0;12;012;Customer 10;1;A;310
0;12;012;Customer 14;1;A;121
0;12;012;Unknown;1;A;5632
0;12;012;Customer 1;1;B;604
0;12;012;Customer 2;1;B;592
0;12;012;Customer 11;1;B;642
0;12;012;Customer 4;1;B;90
0;12;012;Customer 5;1;B;225
0;12;012;Customer 12;1;B;508
0;12;012;Customer 8;1;B;602
0;12;012;Customer 13;1;B;870
0;12;012;Customer 10;1;B;631
0;12;012;Customer 3;1;B;103
0;12;012;Unknown;1;B;4879
0;12;012;Customer 3;1;C;398
0;12;012;Customer 11;1;C;509
0;12;012;Customer 5;1;C;265
0;12;012;Customer 6;1;C;373
0;12;012;Customer 7;1;C;931
0;12;012;Customer 8;1;C;782
0;12;012;Customer 9;1;C;665
0;12;012;Customer 10;1;C;877
0;12;012;Customer 1;1;C;142
0;12;012;Customer 12;1;C;508
0;12;012;Unknown;1;C;5462
0;12;012;Customer 2;2;A;750
0;12;012;Customer 3;2;A;750
0;12;012;Customer 13;2;A;750
0;12;012;Customer 5;2;A;750
0;12;012;Customer 6;2;A;750
0;12;012;Customer 9;2;A;825
0;12;012;Customer 11;2;A;900
0;12;012;Unknown;2;A;5475
0;12;012;Customer 2;2;D;1050
0;12;012;Customer 6;2;D;300
0;12;012;Customer 8;2;D;300
0;12;012;Customer 10;2;D;900
0;12;012;Unknown;2;D;2550
0;13;013;Customer 1;1;A;989
0;13;013;Customer 2;1;A;902
0;13;013;Customer 3;1;A;870
0;13;013;Customer 4;1;A;1472
0;13;013;Customer 5;1;A;526
0;13;013;Customer 6;1;A;709
0;13;013;Customer 7;1;A;569
0;13;013;Customer 8;1;A;719
0;13;013;Customer 9;1;A;657
0;13;013;Customer 10;1;A;553
0;13;013;Customer 14;1;A;330
0;13;013;Unknown;1;A;8309
0;13;013;Customer 1;1;B;513
0;13;013;Customer 11;1;B;257
0;13;013;Customer 4;1;B;85
0;13;013;Customer 5;1;B;629
0;13;013;Customer 12;1;B;102
0;13;013;Customer 8;1;B;169
0;13;013;Customer 13;1;B;515
0;13;013;Customer 10;1;B;477
0;13;013;Customer 3;1;B;111
0;13;013;Unknown;1;B;2871
0;13;013;Customer 3;1;C;445
0;13;013;Customer 11;1;C;847
0;13;013;Customer 5;1;C;244
0;13;013;Customer 6;1;C;494
0;13;013;Customer 7;1;C;694
0;13;013;Customer 8;1;C;748
0;13;013;Customer 9;1;C;305
0;13;013;Customer 10;1;C;342
0;13;013;Customer 1;1;C;294
0;13;013;Customer 12;1;C;102
0;13;013;Unknown;1;C;4528
0;13;013;Customer 2;2;A;900
0;13;013;Customer 13;2;A;750
0;13;013;Customer 5;2;A;675
0;13;013;Customer 6;2;A;675
0;13;013;Customer 12;2;A;675
0;13;013;Customer 9;2;A;675
0;13;013;Customer 10;2;A;675
0;13;013;Customer 11;2;A;675
0;13;013;Unknown;2;A;5700
0;13;013;Customer 3;2;D;700
0;13;013;Customer 4;2;D;550
0;13;013;Customer 6;2;D;300
0;13;013;Customer 11;2;D;975
0;13;013;Unknown;2;D;2525
0;14;014;Customer 1;1;A;736
0;14;014;Customer 2;1;A;592
0;14;014;Customer 3;1;A;699
0;14;014;Customer 4;1;A;1319
0;14;014;Customer 5;1;A;562
0;14;014;Customer 6;1;A;876
0;14;014;Customer 7;1;A;1156
0;14;014;Customer 8;1;A;860
0;14;014;Customer 9;1;A;862
0;14;014;Customer 10;1;A;603
0;14;014;Customer 14;1;A;328
0;14;014;Unknown;1;A;8607
0;14;014;Customer 1;1;B;182
0;14;014;Customer 2;1;B;549
0;14;014;Customer 11;1;B;544
0;14;014;Customer 4;1;B;542
0;14;014;Customer 5;1;B;831
0;14;014;Customer 12;1;B;171
0;14;014;Customer 8;1;B;658
0;14;014;Customer 13;1;B;776
0;14;014;Customer 10;1;B;474
0;14;014;Customer 3;1;B;107
0;14;014;Unknown;1;B;4848
0;14;014;Customer 3;1;C;694
0;14;014;Customer 11;1;C;777
0;14;014;Customer 5;1;C;686
0;14;014;Customer 6;1;C;497
0;14;014;Customer 7;1;C;876
0;14;014;Customer 8;1;C;699
0;14;014;Customer 9;1;C;289
0;14;014;Customer 10;1;C;77
0;14;014;Customer 1;1;C;100
0;14;014;Customer 12;1;C;171
0;14;014;Unknown;1;C;4880
0;14;014;Customer 2;2;A;900
0;14;014;Customer 13;2;A;750
0;14;014;Customer 5;2;A;675
0;14;014;Customer 6;2;A;675
0;14;014;Customer 12;2;A;675
0;14;014;Customer 9;2;A;675
0;14;014;Customer 10;2;A;675
0;14;014;Customer 11;2;A;675
0;14;014;Unknown;2;A;5700
0;14;014;Customer 3;2;D;750
0;14;014;Customer 4;2;D;550
0;14;014;Customer 6;2;D;300
0;14;014;Customer 11;2;D;975
0;14;014;Unknown;2;D;2575
0;15;015;Customer 1;1;A;880
0;15;015;Customer 2;1;A;635
0;15;015;Customer 3;1;A;400
0;15;015;Customer 4;1;A;1220
0;15;015;Customer 5;1;A;897
0;15;015;Customer 6;1;A;993
0;15;015;Customer 7;1;A;830
0;15;015;Customer 8;1;A;439
0;15;015;Customer 9;1;A;989
0;15;015;Customer 10;1;A;777
0;15;015;Customer 14;1;A;344
0;15;015;Unknown;1;A;8419
0;15;015;Customer 1;1;B;938
0;15;015;Customer 2;1;B;768
0;15;015;Customer 11;1;B;307
0;15;015;Customer 4;1;B;671
0;15;015;Customer 5;1;B;585
0;15;015;Customer 12;1;B;747
0;15;015;Customer 13;1;B;410
0;15;015;Customer 3;1;B;144
0;15;015;Unknown;1;B;4585
0;15;015;Customer 3;1;C;881
0;15;015;Customer 11;1;C;348
0;15;015;Customer 5;1;C;213
0;15;015;Customer 6;1;C;494
0;15;015;Customer 7;1;C;387
0;15;015;Customer 8;1;C;650
0;15;015;Customer 9;1;C;887
0;15;015;Customer 10;1;C;368
0;15;015;Customer 1;1;C;101
0;15;015;Customer 12;1;C;747
0;15;015;Unknown;1;C;5091
0;15;015;Customer 2;2;A;900
0;15;015;Customer 13;2;A;750
0;15;015;Customer 6;2;A;675
0;15;015;Customer 12;2;A;675
0;15;015;Customer 9;2;A;675
0;15;015;Customer 10;2;A;675
0;15;015;Customer 11;2;A;675
0;15;015;Unknown;2;A;5025
0;15;015;Customer 3;2;D;975
0;15;015;Customer 4;2;D;550
0;15;015;Customer 6;2;D;300
0;15;015;Customer 11;2;D;975
0;15;015;Unknown;2;D;2800
0;16;016;Customer 1;1;A;437
0;16;016;Customer 2;1;A;459
0;16;016;Customer 3;1;A;318
0;16;016;Customer 4;1;A;1155
0;16;016;Customer 5;1;A;668
0;16;016;Customer 6;1;A;356
0;16;016;Customer 7;1;A;1000
0;16;016;Customer 8;1;A;996
0;16;016;Customer 9;1;A;424
0;16;016;Customer 10;1;A;211
0;16;016;Customer 14;1;A;222
0;16;016;Unknown;1;A;6262
0;16;016;Customer 1;1;B;968
0;16;016;Customer 11;1;B;506
0;16;016;Customer 4;1;B;522
0;16;016;Customer 5;1;B;588
0;16;016;Customer 12;1;B;923
0;16;016;Customer 8;1;B;322
0;16;016;Customer 13;1;B;730
0;16;016;Customer 10;1;B;760
0;16;016;Customer 3;1;B;164
0;16;016;Unknown;1;B;5499
0;16;016;Customer 3;1;C;297
0;16;016;Customer 11;1;C;261
0;16;016;Customer 5;1;C;300
0;16;016;Customer 6;1;C;653
0;16;016;Customer 8;1;C;604
0;16;016;Customer 9;1;C;853
0;16;016;Customer 10;1;C;781
0;16;016;Customer 1;1;C;115
0;16;016;Customer 12;1;C;923
0;16;016;Unknown;1;C;4803
0;16;016;Customer 13;2;A;750
0;16;016;Customer 6;2;A;675
0;16;016;Customer 12;2;A;675
0;16;016;Customer 9;2;A;675
0;16;016;Customer 10;2;A;675
0;16;016;Customer 11;2;A;675
0;16;016;Unknown;2;A;4125
0;16;016;Customer 2;2;D;700
0;16;016;Customer 3;2;D;975
0;16;016;Customer 4;2;D;550
0;16;016;Customer 6;2;D;300
0;16;016;Customer 11;2;D;975
0;16;016;Unknown;2;D;3500
0;17;017;Customer 1;1;A;829
0;17;017;Customer 2;1;A;628
0;17;017;Customer 3;1;A;403
0;17;017;Customer 4;1;A;545
0;17;017;Customer 5;1;A;664
0;17;017;Customer 6;1;A;717
0;17;017;Customer 7;1;A;450
0;17;017;Customer 8;1;A;663
0;17;017;Customer 9;1;A;875
0;17;017;Customer 10;1;A;172
0;17;017;Customer 14;1;A;97
0;17;017;Unknown;1;A;6060
0;17;017;Customer 1;1;B;666
0;17;017;Customer 2;1;B;136
0;17;017;Customer 11;1;B;348
0;17;017;Customer 4;1;B;361
0;17;017;Customer 8;1;B;239
0;17;017;Customer 13;1;B;410
0;17;017;Customer 10;1;B;431
0;17;017;Customer 3;1;B;95
0;17;017;Unknown;1;B;2703
0;17;017;Customer 3;1;C;641
0;17;017;Customer 11;1;C;192
0;17;017;Customer 5;1;C;702
0;17;017;Customer 6;1;C;518
0;17;017;Customer 7;1;C;249
0;17;017;Customer 8;1;C;701
0;17;017;Customer 9;1;C;409
0;17;017;Customer 10;1;C;812
0;17;017;Customer 1;1;C;144
0;17;017;Unknown;1;C;4385
0;17;017;Customer 2;2;A;675
0;17;017;Customer 13;2;A;675
0;17;017;Customer 5;2;A;675
0;17;017;Customer 6;2;A;675
0;17;017;Customer 12;2;A;675
0;17;017;Customer 9;2;A;675
0;17;017;Customer 10;2;A;675
0;17;017;Customer 11;2;A;675
0;17;017;Unknown;2;A;5400
0;17;017;Customer 4;2;D;550
0;17;017;Customer 6;2;D;300
0;17;017;Customer 11;2;D;1125
0;17;017;Unknown;2;D;1975
0;18;018;Customer 1;1;A;106
0;18;018;Customer 2;1;A;975
0;18;018;Customer 3;1;A;487
0;18;018;Customer 4;1;A;252
0;18;018;Customer 5;1;A;101
0;18;018;Customer 6;1;A;522
0;18;018;Customer 7;1;A;698
0;18;018;Customer 8;1;A;649
0;18;018;Customer 9;1;A;452
0;18;018;Customer 10;1;A;121
0;18;018;Customer 14;1;A;113
0;18;018;Unknown;1;A;4494
0;18;018;Customer 1;1;B;125
0;18;018;Customer 2;1;B;191
0;18;018;Customer 11;1;B;211
0;18;018;Customer 4;1;B;175
0;18;018;Customer 5;1;B;931
0;18;018;Customer 12;1;B;635
0;18;018;Customer 8;1;B;410
0;18;018;Customer 13;1;B;433
0;18;018;Customer 10;1;B;300
0;18;018;Customer 3;1;B;112
0;18;018;Unknown;1;B;3541
0;18;018;Customer 3;1;C;227
0;18;018;Customer 11;1;C;438
0;18;018;Customer 5;1;C;611
0;18;018;Customer 6;1;C;273
0;18;018;Customer 7;1;C;378
0;18;018;Customer 8;1;C;688
0;18;018;Customer 9;1;C;435
0;18;018;Customer 10;1;C;820
0;18;018;Customer 1;1;C;93
0;18;018;Customer 12;1;C;635
0;18;018;Unknown;1;C;4616
0;18;018;Customer 2;2;A;675
0;18;018;Customer 13;2;A;675
0;18;018;Customer 5;2;A;675
0;18;018;Customer 6;2;A;675
0;18;018;Customer 12;2;A;675
0;18;018;Customer 8;2;A;675
0;18;018;Customer 10;2;A;675
0;18;018;Customer 11;2;A;675
0;18;018;Unknown;2;A;5400
0;18;018;Customer 3;2;D;1125
0;18;018;Customer 4;2;D;550
0;18;018;Customer 6;2;D;300
0;18;018;Customer 11;2;D;1125
0;18;018;Unknown;2;D;3100
0;19;019;Customer 2;1;A;917
0;19;019;Customer 3;1;A;245
0;19;019;Customer 4;1;A;798
0;19;019;Customer 5;1;A;399
0;19;019;Customer 6;1;A;945
0;19;019;Customer 7;1;A;362
0;19;019;Customer 8;1;A;144
0;19;019;Customer 9;1;A;800
0;19;019;Customer 10;1;A;201
0;19;019;Customer 14;1;A;111
0;19;019;Unknown;1;A;4941
0;19;019;Customer 1;1;B;925
0;19;019;Customer 2;1;B;577
0;19;019;Customer 11;1;B;636
0;19;019;Customer 4;1;B;129
0;19;019;Customer 5;1;B;551
0;19;019;Customer 12;1;B;699
0;19;019;Customer 8;1;B;202
0;19;019;Customer 13;1;B;1070
0;19;019;Customer 10;1;B;719
0;19;019;Customer 3;1;B;96
0;19;019;Unknown;1;B;5623
0;19;019;Customer 11;1;C;207
0;19;019;Customer 5;1;C;814
0;19;019;Customer 6;1;C;474
0;19;019;Customer 7;1;C;880
0;19;019;Customer 8;1;C;923
0;19;019;Customer 9;1;C;327
0;19;019;Customer 10;1;C;498
0;19;019;Customer 1;1;C;130
0;19;019;Customer 12;1;C;699
0;19;019;Unknown;1;C;4971
0;19;019;Customer 2;2;A;675
0;19;019;Customer 13;2;A;675
0;19;019;Customer 5;2;A;675
0;19;019;Customer 6;2;A;675
0;19;019;Customer 12;2;A;675
0;19;019;Customer 8;2;A;675
0;19;019;Customer 10;2;A;675
0;19;019;Customer 11;2;A;675
0;19;019;Unknown;2;A;5400
0;19;019;Customer 3;2;D;1125
0;19;019;Customer 4;2;D;550
0;19;019;Customer 6;2;D;300
0;19;019;Customer 11;2;D;1125
0;19;019;Unknown;2;D;3100
0;20;020;Customer 1;1;A;438
0;20;020;Customer 2;1;A;167
0;20;020;Customer 3;1;A;907
0;20;020;Customer 4;1;A;773
0;20;020;Customer 6;1;A;505
0;20;020;Customer 7;1;A;108
0;20;020;Customer 8;1;A;605
0;20;020;Customer 9;1;A;829
0;20;020;Customer 10;1;A;288
0;20;020;Customer 14;1;A;110
0;20;020;Unknown;1;A;4750
0;20;020;Customer 1;1;B;328
0;20;020;Customer 2;1;B;561
0;20;020;Customer 11;1;B;892
0;20;020;Customer 4;1;B;735
0;20;020;Customer 5;1;B;142
0;20;020;Customer 12;1;B;289
0;20;020;Customer 8;1;B;199
0;20;020;Customer 13;1;B;544
0;20;020;Customer 10;1;B;468
0;20;020;Customer 3;1;B;117
0;20;020;Unknown;1;B;4295
0;20;020;Customer 3;1;C;402
0;20;020;Customer 11;1;C;189
0;20;020;Customer 5;1;C;472
0;20;020;Customer 6;1;C;558
0;20;020;Customer 7;1;C;335
0;20;020;Customer 8;1;C;650
0;20;020;Customer 9;1;C;791
0;20;020;Customer 10;1;C;792
0;20;020;Customer 1;1;C;126
0;20;020;Customer 12;1;C;289
0;20;020;Unknown;1;C;4624
0;20;020;Customer 2;2;A;675
0;20;020;Customer 13;2;A;675
0;20;020;Customer 5;2;A;675
0;20;020;Customer 6;2;A;675
0;20;020;Customer 12;2;A;675
0;20;020;Customer 8;2;A;675
0;20;020;Customer 9;2;A;675
0;20;020;Customer 10;2;A;675
0;20;020;Customer 11;2;A;675
0;20;020;Unknown;2;A;6075
0;20;020;Customer 3;2;D;1125
0;20;020;Customer 4;2;D;550
0;20;020;Customer 6;2;D;300
0;20;020;Customer 11;2;D;1125
0;20;020;Unknown;2;D;3100
0;21;021;Customer 1;1;A;274
0;21;021;Customer 2;1;A;606
0;21;021;Customer 3;1;A;796
0;21;021;Customer 4;1;A;187
0;21;021;Customer 6;1;A;206
0;21;021;Customer 7;1;A;853
0;21;021;Customer 8;1;A;424
0;21;021;Customer 9;1;A;515
0;21;021;Customer 10;1;A;521
0;21;021;Customer 14;1;A;92
0;21;021;Unknown;1;A;4495
0;21;021;Customer 1;1;B;316
0;21;021;Customer 2;1;B;463
0;21;021;Customer 11;1;B;312
0;21;021;Customer 4;1;B;612
0;21;021;Customer 5;1;B;160
0;21;021;Customer 12;1;B;335
0;21;021;Customer 8;1;B;621
0;21;021;Customer 13;1;B;245
0;21;021;Customer 10;1;B;569
0;21;021;Customer 3;1;B;93
0;21;021;Unknown;1;B;3747
0;21;021;Customer 3;1;C;322
0;21;021;Customer 11;1;C;182
0;21;021;Customer 5;1;C;696
0;21;021;Customer 6;1;C;380
0;21;021;Customer 8;1;C;813
0;21;021;Customer 9;1;C;898
0;21;021;Customer 10;1;C;925
0;21;021;Customer 1;1;C;127
0;21;021;Customer 12;1;C;335
0;21;021;Unknown;1;C;4699
0;21;021;Customer 2;2;A;600
0;21;021;Customer 13;2;A;675
0;21;021;Customer 5;2;A;750
0;21;021;Customer 6;2;A;600
0;21;021;Customer 12;2;A;600
0;21;021;Customer 8;2;A;600
0;21;021;Customer 9;2;A;600
0;21;021;Customer 10;2;A;600
0;21;021;Unknown;2;A;5025
0;21;021;Customer 5;2;D;1125
0;21;021;Customer 6;2;D;500
0;21;021;Customer 8;2;D;700
0;21;021;Customer 10;2;D;600
0;21;021;Unknown;2;D;2925
0;22;022;Customer 1;1;A;348
0;22;022;Customer 2;1;A;287
0;22;022;Customer 3;1;A;797
0;22;022;Customer 4;1;A;544
0;22;022;Customer 5;1;A;336
0;22;022;Customer 7;1;A;362
0;22;022;Customer 8;1;A;689
0;22;022;Customer 9;1;A;787
0;22;022;Customer 10;1;A;292
0;22;022;Customer 14;1;A;120
0;22;022;Unknown;1;A;4584
0;22;022;Customer 1;1;B;936
0;22;022;Customer 2;1;B;90
0;22;022;Customer 11;1;B;907
0;22;022;Customer 4;1;B;312
0;22;022;Customer 5;1;B;970
0;22;022;Customer 12;1;B;798
0;22;022;Customer 8;1;B;594
0;22;022;Customer 13;1;B;950
0;22;022;Customer 10;1;B;406
0;22;022;Customer 3;1;B;153
0;22;022;Unknown;1;B;6138
0;22;022;Customer 3;1;C;628
0;22;022;Customer 11;1;C;559
0;22;022;Customer 5;1;C;788
0;22;022;Customer 6;1;C;859
0;22;022;Customer 7;1;C;702
0;22;022;Customer 8;1;C;692
0;22;022;Customer 9;1;C;610
0;22;022;Customer 10;1;C;317
0;22;022;Customer 1;1;C;106
0;22;022;Customer 12;1;C;798
0;22;022;Unknown;1;C;6081
0;22;022;Customer 2;2;A;600
0;22;022;Customer 13;2;A;675
0;22;022;Customer 6;2;A;600
0;22;022;Customer 8;2;A;600
0;22;022;Customer 9;2;A;600
0;22;022;Customer 10;2;A;600
0;22;022;Unknown;2;A;3675
0;22;022;Customer 5;2;D;1125
0;22;022;Customer 6;2;D;500
0;22;022;Customer 8;2;D;700
0;22;022;Customer 10;2;D;600
0;22;022;Unknown;2;D;2925
0;23;023;Customer 1;1;A;329
0;23;023;Customer 2;1;A;264
0;23;023;Customer 3;1;A;856
0;23;023;Customer 4;1;A;768
0;23;023;Customer 5;1;A;216
0;23;023;Customer 6;1;A;304
0;23;023;Customer 7;1;A;719
0;23;023;Customer 8;1;A;521
0;23;023;Customer 9;1;A;331
0;23;023;Customer 10;1;A;472
0;23;023;Customer 14;1;A;93
0;23;023;Unknown;1;A;4896
0;23;023;Customer 1;1;B;397
0;23;023;Customer 2;1;B;350
0;23;023;Customer 11;1;B;682
0;23;023;Customer 4;1;B;95
0;23;023;Customer 5;1;B;698
0;23;023;Customer 12;1;B;370
0;23;023;Customer 8;1;B;463
0;23;023;Customer 13;1;B;756
0;23;023;Customer 10;1;B;162
0;23;023;Customer 3;1;B;125
0;23;023;Unknown;1;B;4121
0;23;023;Customer 3;1;C;291
0;23;023;Customer 11;1;C;767
0;23;023;Customer 5;1;C;611
0;23;023;Customer 6;1;C;653
0;23;023;Customer 7;1;C;356
0;23;023;Customer 9;1;C;676
0;23;023;Customer 10;1;C;959
0;23;023;Customer 1;1;C;116
0;23;023;Customer 12;1;C;370
0;23;023;Unknown;1;C;4822
0;23;023;Customer 2;2;A;600
0;23;023;Customer 13;2;A;675
0;23;023;Customer 6;2;A;600
0;23;023;Customer 8;2;A;600
0;23;023;Customer 9;2;A;600
0;23;023;Customer 10;2;A;600
0;23;023;Unknown;2;A;3675
0;23;023;Customer 5;2;D;1125
0;23;023;Customer 6;2;D;500
0;23;023;Customer 8;2;D;700
0;23;023;Customer 10;2;D;600
0;23;023;Unknown;2;D;2925
0;24;024;Customer 1;1;A;357
0;24;024;Customer 2;1;A;321
0;24;024;Customer 3;1;A;833
0;24;024;Customer 4;1;A;155
0;24;024;Customer 5;1;A;298
0;24;024;Customer 6;1;A;583
0;24;024;Customer 7;1;A;843
0;24;024;Customer 8;1;A;906
0;24;024;Customer 9;1;A;577
0;24;024;Customer 10;1;A;753
0;24;024;Customer 14;1;A;124
0;24;024;Unknown;1;A;5774
0;24;024;Customer 1;1;B;538
0;24;024;Customer 2;1;B;760
0;24;024;Customer 11;1;B;96
0;24;024;Customer 4;1;B;302
0;24;024;Customer 5;1;B;404
0;24;024;Customer 12;1;B;714
0;24;024;Customer 8;1;B;270
0;24;024;Customer 13;1;B;525
0;24;024;Customer 10;1;B;368
0;24;024;Customer 3;1;B;105
0;24;024;Unknown;1;B;4106
0;24;024;Customer 11;1;C;152
0;24;024;Customer 5;1;C;612
0;24;024;Customer 6;1;C;676
0;24;024;Customer 7;1;C;863
0;24;024;Customer 8;1;C;309
0;24;024;Customer 9;1;C;579
0;24;024;Customer 10;1;C;476
0;24;024;Customer 1;1;C;106
0;24;024;Customer 12;1;C;714
0;24;024;Unknown;1;C;4511
0;24;024;Customer 2;2;A;600
0;24;024;Customer 6;2;A;600
0;24;024;Customer 8;2;A;600
0;24;024;Customer 9;2;A;600
0;24;024;Customer 10;2;A;600
0;24;024;Unknown;2;A;3000
0;24;024;Customer 5;2;D;1125
0;24;024;Customer 6;2;D;500
0;24;024;Customer 8;2;D;700
0;24;024;Customer 10;2;D;600
0;24;024;Unknown;2;D;2925
0;25;025;Customer 1;1;A;484
0;25;025;Customer 2;1;A;725
0;25;025;Customer 3;1;A;810
0;25;025;Customer 4;1;A;358
0;25;025;Customer 5;1;A;781
0;25;025;Customer 6;1;A;316
0;25;025;Customer 7;1;A;539
0;25;025;Customer 8;1;A;91
0;25;025;Customer 9;1;A;233
0;25;025;Customer 10;1;A;613
0;25;025;Customer 14;1;A;128
0;25;025;Unknown;1;A;5103
0;25;025;Customer 1;1;B;125
0;25;025;Customer 2;1;B;296
0;25;025;Customer 11;1;B;915
0;25;025;Customer 4;1;B;592
0;25;025;Customer 5;1;B;382
0;25;025;Customer 12;1;B;466
0;25;025;Customer 8;1;B;188
0;25;025;Customer 13;1;B;613
0;25;025;Customer 10;1;B;638
0;25;025;Customer 3;1;B;85
0;25;025;Unknown;1;B;4325
0;25;025;Customer 3;1;C;178
0;25;025;Customer 11;1;C;804
0;25;025;Customer 5;1;C;765
0;25;025;Customer 6;1;C;899
0;25;025;Customer 7;1;C;455
0;25;025;Customer 8;1;C;625
0;25;025;Customer 9;1;C;555
0;25;025;Customer 10;1;C;230
0;25;025;Customer 1;1;C;126
0;25;025;Customer 12;1;C;466
0;25;025;Unknown;1;C;5128
0;25;025;Customer 2;2;A;600
0;25;025;Customer 3;2;A;600
0;25;025;Customer 5;2;A;600
0;25;025;Customer 9;2;A;600
0;25;025;Customer 10;2;A;600
0;25;025;Customer 11;2;A;600
0;25;025;Unknown;2;A;3600
0;25;025;Customer 6;2;D;500
0;25;025;Unknown;2;D;500
0;26;026;Customer 1;1;A;317
0;26;026;Customer 2;1;A;149
0;26;026;Customer 3;1;A;576
0;26;026;Customer 4;1;A;345
0;26;026;Customer 5;1;A;150
0;26;026;Customer 6;1;A;266
0;26;026;Customer 7;1;A;608
0;26;026;Customer 8;1;A;861
0;26;026;Customer 9;1;A;786
0;26;026;Customer 10;1;A;936
0;26;026;Customer 14;1;A;119
0;26;026;Unknown;1;A;5139
0;26;026;Customer 1;1;B;604
0;26;026;Customer 2;1;B;314
0;26;026;Customer 11;1;B;729
0;26;026;Customer 4;1;B;623
0;26;026;Customer 5;1;B;661
0;26;026;Customer 12;1;B;532
0;26;026;Customer 8;1;B;289
0;26;026;Customer 13;1;B;705
0;26;026;Customer 10;1;B;424
0;26;026;Customer 3;1;B;113
0;26;026;Unknown;1;B;5020
0;26;026;Customer 3;1;C;295
0;26;026;Customer 11;1;C;695
0;26;026;Customer 5;1;C;505
0;26;026;Customer 6;1;C;222
0;26;026;Customer 7;1;C;360
0;26;026;Customer 8;1;C;567
0;26;026;Customer 9;1;C;523
0;26;026;Customer 10;1;C;361
0;26;026;Customer 1;1;C;79
0;26;026;Customer 12;1;C;532
0;26;026;Unknown;1;C;4165
0;26;026;Customer 2;2;A;600
0;26;026;Customer 3;2;A;600
0;26;026;Customer 5;2;A;600
0;26;026;Customer 6;2;A;600
0;26;026;Customer 8;2;A;600
0;26;026;Customer 9;2;A;600
0;26;026;Customer 10;2;A;600
0;26;026;Customer 11;2;A;600
0;26;026;Unknown;2;A;4800
0;26;026;Customer 6;2;D;500
0;26;026;Unknown;2;D;500
0;27;027;Customer 1;1;A;791
0;27;027;Customer 2;1;A;813
0;27;027;Customer 4;1;A;458
0;27;027;Customer 5;1;A;239
0;27;027;Customer 6;1;A;134
0;27;027;Customer 7;1;A;775
0;27;027;Customer 8;1;A;965
0;27;027;Customer 9;1;A;180
0;27;027;Customer 10;1;A;121
0;27;027;Customer 14;1;A;102
0;27;027;Unknown;1;A;4605
0;27;027;Customer 1;1;B;152
0;27;027;Customer 2;1;B;791
0;27;027;Customer 11;1;B;114
0;27;027;Customer 4;1;B;508
0;27;027;Customer 5;1;B;945
0;27;027;Customer 12;1;B;897
0;27;027;Customer 8;1;B;357
0;27;027;Customer 13;1;B;725
0;27;027;Customer 10;1;B;313
0;27;027;Customer 3;1;B;111
0;27;027;Unknown;1;B;4940
0;27;027;Customer 3;1;C;756
0;27;027;Customer 11;1;C;505
0;27;027;Customer 5;1;C;511
0;27;027;Customer 6;1;C;571
0;27;027;Customer 7;1;C;407
0;27;027;Customer 8;1;C;403
0;27;027;Customer 9;1;C;599
0;27;027;Customer 10;1;C;791
0;27;027;Customer 1;1;C;113
0;27;027;Customer 12;1;C;897
0;27;027;Unknown;1;C;5580
0;27;027;Customer 2;2;A;600
0;27;027;Customer 13;2;A;500
0;27;027;Customer 5;2;A;600
0;27;027;Customer 12;2;A;550
0;27;027;Customer 9;2;A;550
0;27;027;Customer 10;2;A;500
0;27;027;Unknown;2;A;3300
0;27;027;Customer 6;2;D;500
0;27;027;Customer 7;2;D;1200
0;27;027;Unknown;2;D;1700
0;28;028;Customer 1;1;A;621
0;28;028;Customer 2;1;A;567
0;28;028;Customer 3;1;A;373
0;28;028;Customer 4;1;A;131
0;28;028;Customer 5;1;A;128
0;28;028;Customer 6;1;A;269
0;28;028;Customer 7;1;A;951
0;28;028;Customer 8;1;A;460
0;28;028;Customer 10;1;A;518
0;28;028;Customer 14;1;A;107
0;28;028;Unknown;1;A;4153
0;28;028;Customer 1;1;B;816
0;28;028;Customer 2;1;B;604
0;28;028;Customer 11;1;B;914
0;28;028;Customer 4;1;B;905
0;28;028;Customer 5;1;B;686
0;28;028;Customer 12;1;B;120
0;28;028;Customer 8;1;B;474
0;28;028;Customer 13;1;B;744
0;28;028;Customer 10;1;B;957
0;28;028;Customer 3;1;B;97
0;28;028;Unknown;1;B;6345
0;28;028;Customer 3;1;C;490
0;28;028;Customer 11;1;C;137
0;28;028;Customer 5;1;C;386
0;28;028;Customer 6;1;C;409
0;28;028;Customer 7;1;C;352
0;28;028;Customer 8;1;C;240
0;28;028;Customer 9;1;C;407
0;28;028;Customer 10;1;C;726
0;28;028;Customer 1;1;C;93
0;28;028;Customer 12;1;C;120
0;28;028;Unknown;1;C;3388
0;28;028;Customer 2;2;A;600
0;28;028;Customer 3;2;A;600
0;28;028;Customer 5;2;A;600
0;28;028;Customer 6;2;A;600
0;28;028;Customer 12;2;A;600
0;28;028;Customer 8;2;A;600
0;28;028;Customer 11;2;A;600
0;28;028;Unknown;2;A;4200
0;28;028;Customer 3;2;D;1275
0;28;028;Customer 4;2;D;1275
0;28;028;Customer 6;2;D;500
0;28;028;Customer 7;2;D;1200
0;28;028;Unknown;2;D;4250
0;29;029;Customer 1;1;A;392
0;29;029;Customer 2;1;A;532
0;29;029;Customer 3;1;A;219
0;29;029;Customer 4;1;A;450
0;29;029;Customer 5;1;A;352
0;29;029;Customer 6;1;A;590
0;29;029;Customer 7;1;A;210
0;29;029;Customer 8;1;A;92
0;29;029;Customer 9;1;A;904
0;29;029;Customer 10;1;A;65
0;29;029;Unknown;1;A;3835
0;29;029;Customer 1;1;B;262
0;29;029;Customer 2;1;B;291
0;29;029;Customer 11;1;B;314
0;29;029;Customer 4;1;B;258
0;29;029;Customer 5;1;B;843
0;29;029;Customer 12;1;B;807
0;29;029;Customer 8;1;B;409
0;29;029;Customer 13;1;B;934
0;29;029;Customer 10;1;B;352
0;29;029;Customer 3;1;B;85
0;29;029;Unknown;1;B;4584
0;29;029;Customer 3;1;C;863
0;29;029;Customer 11;1;C;94
0;29;029;Customer 5;1;C;624
0;29;029;Customer 6;1;C;116
0;29;029;Customer 7;1;C;554
0;29;029;Customer 8;1;C;796
0;29;029;Customer 9;1;C;347
0;29;029;Customer 10;1;C;247
0;29;029;Customer 1;1;C;125
0;29;029;Customer 12;1;C;807
0;29;029;Unknown;1;C;4602
0;29;029;Customer 2;2;A;525
0;29;029;Customer 3;2;A;525
0;29;029;Customer 13;2;A;600
0;29;029;Customer 5;2;A;600
0;29;029;Customer 6;2;A;525
0;29;029;Customer 12;2;A;525
0;29;029;Customer 8;2;A;600
0;29;029;Customer 9;2;A;600
0;29;029;Customer 11;2;A;600
0;29;029;Unknown;2;A;5100
0;29;029;Customer 2;2;D;1350
0;29;029;Customer 3;2;D;1350
0;29;029;Customer 4;2;D;1425
0;29;029;Customer 6;2;D;500
0;29;029;Customer 7;2;D;1275
0;29;029;Customer 11;2;D;1275
0;29;029;Unknown;2;D;7175
0;30;030;Customer 1;1;A;768
0;30;030;Customer 2;1;A;454
0;30;030;Customer 3;1;A;905
0;30;030;Customer 4;1;A;456
0;30;030;Customer 5;1;A;488
0;30;030;Customer 6;1;A;194
0;30;030;Customer 7;1;A;864
0;30;030;Customer 8;1;A;443
0;30;030;Customer 9;1;A;863
0;30;030;Customer 10;1;A;176
0;30;030;Customer 14;1;A;106
0;30;030;Unknown;1;A;5747
0;30;030;Customer 1;1;B;782
0;30;030;Customer 2;1;B;357
0;30;030;Customer 11;1;B;471
0;30;030;Customer 4;1;B;99
0;30;030;Customer 5;1;B;556
0;30;030;Customer 12;1;B;239
0;30;030;Customer 8;1;B;647
0;30;030;Customer 13;1;B;886
0;30;030;Customer 10;1;B;1022
0;30;030;Customer 3;1;B;155
0;30;030;Unknown;1;B;5244
0;30;030;Customer 3;1;C;817
0;30;030;Customer 11;1;C;916
0;30;030;Customer 5;1;C;251
0;30;030;Customer 6;1;C;663
0;30;030;Customer 7;1;C;168
0;30;030;Customer 8;1;C;758
0;30;030;Customer 9;1;C;743
0;30;030;Customer 10;1;C;577
0;30;030;Customer 1;1;C;159
0;30;030;Customer 12;1;C;239
0;30;030;Unknown;1;C;5321
0;30;030;Customer 2;2;A;525
0;30;030;Customer 3;2;A;525
0;30;030;Customer 5;2;A;600
0;30;030;Customer 12;2;A;525
0;30;030;Customer 9;2;A;600
0;30;030;Customer 11;2;A;600
0;30;030;Unknown;2;A;3375
0;30;030;Customer 2;2;D;1350
0;30;030;Customer 3;2;D;1350
0;30;030;Customer 4;2;D;1425
0;30;030;Customer 6;2;D;500
0;30;030;Customer 7;2;D;1275
0;30;030;Customer 9;2;D;1350
0;30;030;Customer 11;2;D;1275
0;30;030;Unknown;2;D;8525
0;31;031;Customer 1;1;A;239
0;31;031;Customer 2;1;A;971
0;31;031;Customer 3;1;A;810
0;31;031;Customer 4;1;A;182
0;31;031;Customer 5;1;A;386
0;31;031;Customer 7;1;A;236
0;31;031;Customer 8;1;A;100
0;31;031;Customer 9;1;A;103
0;31;031;Customer 10;1;A;126
0;31;031;Customer 14;1;A;88
0;31;031;Unknown;1;A;3272
0;31;031;Customer 1;1;B;499
0;31;031;Customer 2;1;B;149
0;31;031;Customer 11;1;B;742
0;31;031;Customer 4;1;B;896
0;31;031;Customer 5;1;B;492
0;31;031;Customer 12;1;B;526
0;31;031;Customer 8;1;B;646
0;31;031;Customer 13;1;B;744
0;31;031;Customer 10;1;B;634
0;31;031;Customer 3;1;B;120
0;31;031;Unknown;1;B;5479
0;31;031;Customer 11;1;C;219
0;31;031;Customer 5;1;C;763
0;31;031;Customer 6;1;C;799
0;31;031;Customer 7;1;C;306
0;31;031;Customer 8;1;C;701
0;31;031;Customer 9;1;C;987
0;31;031;Customer 10;1;C;245
0;31;031;Customer 1;1;C;141
0;31;031;Customer 12;1;C;526
0;31;031;Unknown;1;C;4718
0;31;031;Customer 3;2;A;525
0;31;031;Customer 13;2;A;600
0;31;031;Customer 5;2;A;600
0;31;031;Customer 6;2;A;525
0;31;031;Customer 12;2;A;525
0;31;031;Customer 8;2;A;600
0;31;031;Customer 9;2;A;600
0;31;031;Customer 11;2;A;600
0;31;031;Unknown;2;A;4575
0;31;031;Customer 2;2;D;1350
0;31;031;Customer 3;2;D;1350
0;31;031;Customer 4;2;D;1425
0;31;031;Customer 6;2;D;500
0;31;031;Customer 7;2;D;1275
0;31;031;Customer 9;2;D;1350
0;31;031;Customer 11;2;D;1275
0;31;031;Unknown;2;D;8525
0;32;032;Customer 1;1;A;714
0;32;032;Customer 2;1;A;494
0;32;032;Customer 3;1;A;333
0;32;032;Customer 4;1;A;132
0;32;032;Customer 5;1;A;684
0;32;032;Customer 6;1;A;877
0;32;032;Customer 7;1;A;690
0;32;032;Customer 8;1;A;577
0;32;032;Customer 9;1;A;430
0;32;032;Customer 10;1;A;322
0;32;032;Customer 14;1;A;115
0;32;032;Unknown;1;A;5400
0;32;032;Customer 1;1;B;424
0;32;032;Customer 2;1;B;440
0;32;032;Customer 11;1;B;151
0;32;032;Customer 4;1;B;568
0;32;032;Customer 5;1;B;554
0;32;032;Customer 12;1;B;510
0;32;032;Customer 8;1;B;661
0;32;032;Customer 13;1;B;914
0;32;032;Customer 10;1;B;354
0;32;032;Customer 3;1;B;105
0;32;032;Unknown;1;B;4713
0;32;032;Customer 3;1;C;519
0;32;032;Customer 11;1;C;366
0;32;032;Customer 5;1;C;128
0;32;032;Customer 6;1;C;395
0;32;032;Customer 7;1;C;693
0;32;032;Customer 8;1;C;99
0;32;032;Customer 9;1;C;831
0;32;032;Customer 10;1;C;643
0;32;032;Customer 1;1;C;103
0;32;032;Customer 12;1;C;510
0;32;032;Unknown;1;C;4319
0;32;032;Customer 3;2;A;525
0;32;032;Customer 13;2;A;600
0;32;032;Customer 5;2;A;600
0;32;032;Customer 6;2;A;525
0;32;032;Customer 12;2;A;525
0;32;032;Customer 8;2;A;600
0;32;032;Customer 9;2;A;600
0;32;032;Customer 10;2;A;525
0;32;032;Customer 11;2;A;600
0;32;032;Unknown;2;A;5100
0;32;032;Customer 2;2;D;1350
0;32;032;Customer 3;2;D;1350
0;32;032;Customer 4;2;D;1425
0;32;032;Customer 6;2;D;500
0;32;032;Customer 7;2;D;1275
0;32;032;Customer 9;2;D;1350
0;32;032;Customer 11;2;D;1275
0;32;032;Unknown;2;D;8525
0;33;033;Customer 1;1;A;608
0;33;033;Customer 2;1;A;973
0;33;033;Customer 3;1;A;876
0;33;033;Customer 4;1;A;185
0;33;033;Customer 5;1;A;154
0;33;033;Customer 6;1;A;289
0;33;033;Customer 7;1;A;396
0;33;033;Customer 8;1;A;432
0;33;033;Customer 9;1;A;350
0;33;033;Customer 10;1;A;179
0;33;033;Customer 14;1;A;106
0;33;033;Unknown;1;A;4581
0;33;033;Customer 1;1;B;566
0;33;033;Customer 2;1;B;842
0;33;033;Customer 11;1;B;840
0;33;033;Customer 4;1;B;320
0;33;033;Customer 5;1;B;624
0;33;033;Customer 12;1;B;568
0;33;033;Customer 8;1;B;538
0;33;033;Customer 13;1;B;804
0;33;033;Customer 10;1;B;802
0;33;033;Customer 3;1;B;115
0;33;033;Unknown;1;B;6052
0;33;033;Customer 3;1;C;842
0;33;033;Customer 11;1;C;515
0;33;033;Customer 5;1;C;279
0;33;033;Customer 6;1;C;834
0;33;033;Customer 7;1;C;548
0;33;033;Customer 8;1;C;680
0;33;033;Customer 9;1;C;468
0;33;033;Customer 10;1;C;726
0;33;033;Customer 1;1;C;90
0;33;033;Customer 12;1;C;568
0;33;033;Unknown;1;C;5583
0;33;033;Customer 2;2;A;525
0;33;033;Customer 3;2;A;525
0;33;033;Customer 13;2;A;525
0;33;033;Customer 5;2;A;525
0;33;033;Customer 6;2;A;600
0;33;033;Customer 12;2;A;525
0;33;033;Customer 8;2;A;525
0;33;033;Customer 9;2;A;525
0;33;033;Customer 10;2;A;525
0;33;033;Customer 11;2;A;525
0;33;033;Unknown;2;A;5325
0;33;033;Customer 2;2;D;1425
0;33;033;Customer 3;2;D;1425
0;33;033;Customer 4;2;D;1425
0;33;033;Customer 6;2;D;500
0;33;033;Customer 7;2;D;1425
0;33;033;Customer 9;2;D;1425
0;33;033;Customer 11;2;D;1425
0;33;033;Unknown;2;D;9050
0;34;034;Customer 2;1;A;100
0;34;034;Customer 3;1;A;173
0;34;034;Customer 4;1;A;947
0;34;034;Customer 5;1;A;306
0;34;034;Customer 6;1;A;262
0;34;034;Customer 7;1;A;316
0;34;034;Customer 8;1;A;568
0;34;034;Customer 9;1;A;626
0;34;034;Customer 10;1;A;72
0;34;034;Customer 14;1;A;119
0;34;034;Unknown;1;A;3523
0;34;034;Customer 1;1;B;943
0;34;034;Customer 2;1;B;119
0;34;034;Customer 11;1;B;401
0;34;034;Customer 4;1;B;585
0;34;034;Customer 5;1;B;110
0;34;034;Customer 12;1;B;675
0;34;034;Customer 8;1;B;770
0;34;034;Customer 13;1;B;719
0;34;034;Customer 10;1;B;804
0;34;034;Customer 3;1;B;110
0;34;034;Unknown;1;B;5270
0;34;034;Customer 3;1;C;521
0;34;034;Customer 11;1;C;325
0;34;034;Customer 5;1;C;194
0;34;034;Customer 6;1;C;519
0;34;034;Customer 7;1;C;938
0;34;034;Customer 9;1;C;885
0;34;034;Customer 10;1;C;827
0;34;034;Customer 1;1;C;134
0;34;034;Customer 12;1;C;675
0;34;034;Unknown;1;C;5052
0;34;034;Customer 2;2;A;525
0;34;034;Customer 3;2;A;525
0;34;034;Customer 13;2;A;525
0;34;034;Customer 5;2;A;525
0;34;034;Customer 12;2;A;525
0;34;034;Customer 8;2;A;525
0;34;034;Customer 10;2;A;525
0;34;034;Customer 11;2;A;525
0;34;034;Unknown;2;A;4200
0;34;034;Customer 2;2;D;1425
0;34;034;Customer 3;2;D;1425
0;34;034;Customer 4;2;D;1425
0;34;034;Customer 6;2;D;300
0;34;034;Customer 7;2;D;1425
0;34;034;Customer 8;2;D;1425
0;34;034;Customer 9;2;D;1425
0;34;034;Customer 11;2;D;1425
0;34;034;Unknown;2;D;10275
0;35;035;Customer 2;1;A;680
0;35;035;Customer 3;1;A;894
0;35;035;Customer 4;1;A;143
0;35;035;Customer 5;1;A;833
0;35;035;Customer 6;1;A;591
0;35;035;Customer 7;1;A;314
0;35;035;Customer 8;1;A;85
0;35;035;Customer 10;1;A;50
0;35;035;Customer 14;1;A;125
0;35;035;Unknown;1;A;3750
0;35;035;Customer 1;1;B;469
0;35;035;Customer 2;1;B;624
0;35;035;Customer 11;1;B;153
0;35;035;Customer 4;1;B;216
0;35;035;Customer 5;1;B;637
0;35;035;Customer 12;1;B;339
0;35;035;Customer 8;1;B;872
0;35;035;Customer 13;1;B;665
0;35;035;Customer 10;1;B;564
0;35;035;Customer 3;1;B;102
0;35;035;Unknown;1;B;4676
0;35;035;Customer 11;1;C;421
0;35;035;Customer 5;1;C;118
0;35;035;Customer 6;1;C;432
0;35;035;Customer 8;1;C;154
0;35;035;Customer 9;1;C;711
0;35;035;Customer 10;1;C;146
0;35;035;Customer 1;1;C;116
0;35;035;Customer 12;1;C;339
0;35;035;Unknown;1;C;2472
0;35;035;Customer 2;2;A;525
0;35;035;Customer 3;2;A;525
0;35;035;Customer 13;2;A;525
0;35;035;Customer 5;2;A;525
0;35;035;Customer 12;2;A;525
0;35;035;Customer 8;2;A;525
0;35;035;Customer 10;2;A;525
0;35;035;Customer 11;2;A;525
0;35;035;Unknown;2;A;4200
0;35;035;Customer 2;2;D;1425
0;35;035;Customer 3;2;D;1425
0;35;035;Customer 4;2;D;1425
0;35;035;Customer 6;2;D;300
0;35;035;Customer 7;2;D;1425
0;35;035;Customer 8;2;D;1425
0;35;035;Customer 9;2;D;1425
0;35;035;Customer 10;2;D;1425
0;35;035;Customer 11;2;D;1425
0;35;035;Unknown;2;D;11700
0;36;036;Customer 1;1;A;428
0;36;036;Customer 2;1;A;141
0;36;036;Customer 3;1;A;875
0;36;036;Customer 4;1;A;803
0;36;036;Customer 5;1;A;856
0;36;036;Customer 6;1;A;962
0;36;036;Customer 7;1;A;389
0;36;036;Customer 8;1;A;380
0;36;036;Customer 9;1;A;198
0;36;036;Customer 10;1;A;129
0;36;036;Customer 14;1;A;114
0;36;036;Unknown;1;A;5311
0;36;036;Customer 1;1;B;353
0;36;036;Customer 2;1;B;334
0;36;036;Customer 11;1;B;118
0;36;036;Customer 4;1;B;936
0;36;036;Customer 5;1;B;798
0;36;036;Customer 12;1;B;404
0;36;036;Customer 8;1;B;430
0;36;036;Customer 13;1;B;839
0;36;036;Customer 10;1;B;642
0;36;036;Customer 3;1;B;117
0;36;036;Unknown;1;B;5007
0;36;036;Customer 3;1;C;765
0;36;036;Customer 11;1;C;624
0;36;036;Customer 5;1;C;257
0;36;036;Customer 6;1;C;334
0;36;036;Customer 7;1;C;327
0;36;036;Customer 8;1;C;147
0;36;036;Customer 9;1;C;914
0;36;036;Customer 10;1;C;851
0;36;036;Customer 1;1;C;122
0;36;036;Customer 12;1;C;404
0;36;036;Unknown;1;C;4781
0;36;036;Customer 2;2;A;525
0;36;036;Customer 3;2;A;525
0;36;036;Customer 13;2;A;525
0;36;036;Customer 5;2;A;525
0;36;036;Customer 12;2;A;525
0;36;036;Customer 8;2;A;525
0;36;036;Customer 9;2;A;525
0;36;036;Customer 10;2;A;525
0;36;036;Customer 11;2;A;525
0;36;036;Unknown;2;A;4725
0;36;036;Customer 2;2;D;1425
0;36;036;Customer 3;2;D;1425
0;36;036;Customer 4;2;D;1425
0;36;036;Customer 5;2;D;1425
0;36;036;Customer 6;2;D;300
0;36;036;Customer 7;2;D;1425
0;36;036;Customer 8;2;D;1425
0;36;036;Customer 9;2;D;1425
0;36;036;Customer 10;2;D;1425
0;36;036;Customer 11;2;D;1425
0;36;036;Unknown;2;D;13125
0;37;037;Customer 1;1;A;899
0;37;037;Customer 2;1;A;437
0;37;037;Customer 3;1;A;371
0;37;037;Customer 5;1;A;939
0;37;037;Customer 6;1;A;832
0;37;037;Customer 7;1;A;268
0;37;037;Customer 8;1;A;577
0;37;037;Customer 9;1;A;873
0;37;037;Customer 10;1;A;70
0;37;037;Unknown;1;A;5303
0;37;037;Customer 1;1;B;185
0;37;037;Customer 2;1;B;643
0;37;037;Customer 11;1;B;467
0;37;037;Customer 4;1;B;205
0;37;037;Customer 5;1;B;443
0;37;037;Customer 12;1;B;648
0;37;037;Customer 8;1;B;317
0;37;037;Customer 13;1;B;452
0;37;037;Customer 10;1;B;856
0;37;037;Customer 3;1;B;95
0;37;037;Unknown;1;B;4348
0;37;037;Customer 3;1;C;539
0;37;037;Customer 11;1;C;241
0;37;037;Customer 5;1;C;559
0;37;037;Customer 6;1;C;607
0;37;037;Customer 7;1;C;1025
0;37;037;Customer 8;1;C;324
0;37;037;Customer 9;1;C;623
0;37;037;Customer 10;1;C;159
0;37;037;Customer 1;1;C;81
0;37;037;Customer 12;1;C;648
0;37;037;Unknown;1;C;4843
0;37;037;Customer 2;2;A;525
0;37;037;Customer 3;2;A;450
0;37;037;Customer 5;2;A;525
0;37;037;Customer 6;2;A;525
0;37;037;Customer 12;2;A;450
0;37;037;Customer 8;2;A;450
0;37;037;Customer 9;2;A;450
0;37;037;Customer 11;2;A;600
0;37;037;Unknown;2;A;3975
0;37;037;Customer 2;2;D;1575
0;37;037;Customer 3;2;D;1500
0;37;037;Customer 4;2;D;1575
0;37;037;Customer 5;2;D;1500
0;37;037;Customer 6;2;D;300
0;37;037;Customer 7;2;D;1575
0;37;037;Customer 8;2;D;1500
0;37;037;Customer 9;2;D;1500
0;37;037;Customer 10;2;D;1500
0;37;037;Customer 11;2;D;1500
0;37;037;Unknown;2;D;14025
0;38;038;Customer 1;1;A;378
0;38;038;Customer 2;1;A;367
0;38;038;Customer 3;1;A;806
0;38;038;Customer 5;1;A;724
0;38;038;Customer 6;1;A;798
0;38;038;Customer 7;1;A;654
0;38;038;Customer 8;1;A;511
0;38;038;Customer 9;1;A;443
0;38;038;Customer 10;1;A;42
0;38;038;Customer 14;1;A;131
0;38;038;Unknown;1;A;4892
0;38;038;Customer 1;1;B;557
0;38;038;Customer 2;1;B;112
0;38;038;Customer 11;1;B;746
0;38;038;Customer 4;1;B;445
0;38;038;Customer 5;1;B;235
0;38;038;Customer 8;1;B;544
0;38;038;Customer 13;1;B;639
0;38;038;Customer 10;1;B;561
0;38;038;Customer 3;1;B;102
0;38;038;Unknown;1;B;3979
0;38;038;Customer 3;1;C;843
0;38;038;Customer 11;1;C;724
0;38;038;Customer 5;1;C;730
0;38;038;Customer 6;1;C;856
0;38;038;Customer 7;1;C;646
0;38;038;Customer 8;1;C;884
0;38;038;Customer 9;1;C;399
0;38;038;Customer 1;1;C;146
0;38;038;Unknown;1;C;5266
0;38;038;Customer 2;2;A;525
0;38;038;Customer 3;2;A;450
0;38;038;Customer 5;2;A;525
0;38;038;Customer 6;2;A;525
0;38;038;Customer 12;2;A;450
0;38;038;Customer 8;2;A;450
0;38;038;Customer 9;2;A;450
0;38;038;Customer 11;2;A;600
0;38;038;Unknown;2;A;3975
0;38;038;Customer 2;2;D;1575
0;38;038;Customer 3;2;D;1500
0;38;038;Customer 4;2;D;1575
0;38;038;Customer 5;2;D;1500
0;38;038;Customer 6;2;D;300
0;38;038;Customer 7;2;D;1575
0;38;038;Customer 8;2;D;1500
0;38;038;Customer 9;2;D;1500
0;38;038;Customer 10;2;D;1500
0;38;038;Customer 11;2;D;1500
0;38;038;Unknown;2;D;14025
0;39;039;Customer 1;1;A;358
0;39;039;Customer 2;1;A;653
0;39;039;Customer 3;1;A;576
0;39;039;Customer 4;1;A;103
0;39;039;Customer 5;1;A;884
0;39;039;Customer 6;1;A;137
0;39;039;Customer 7;1;A;766
0;39;039;Customer 9;1;A;249
0;39;039;Customer 10;1;A;70
0;39;039;Customer 14;1;A;91
0;39;039;Unknown;1;A;3926
0;39;039;Customer 1;1;B;407
0;39;039;Customer 2;1;B;371
0;39;039;Customer 11;1;B;724
0;39;039;Customer 4;1;B;536
0;39;039;Customer 5;1;B;928
0;39;039;Customer 12;1;B;558
0;39;039;Customer 8;1;B;507
0;39;039;Customer 13;1;B;552
0;39;039;Customer 10;1;B;538
0;39;039;Customer 3;1;B;92
0;39;039;Unknown;1;B;5252
0;39;039;Customer 3;1;C;121
0;39;039;Customer 11;1;C;952
0;39;039;Customer 5;1;C;511
0;39;039;Customer 6;1;C;315
0;39;039;Customer 7;1;C;147
0;39;039;Customer 8;1;C;539
0;39;039;Customer 9;1;C;369
0;39;039;Customer 10;1;C;306
0;39;039;Customer 1;1;C;97
0;39;039;Customer 12;1;C;558
0;39;039;Unknown;1;C;3954
0;39;039;Customer 3;2;A;450
0;39;039;Customer 5;2;A;525
0;39;039;Customer 6;2;A;525
0;39;039;Customer 12;2;A;450
0;39;039;Customer 8;2;A;450
0;39;039;Customer 9;2;A;450
0;39;039;Customer 10;2;A;525
0;39;039;Customer 11;2;A;600
0;39;039;Unknown;2;A;3975
0;39;039;Customer 2;2;D;1575
0;39;039;Customer 3;2;D;1500
0;39;039;Customer 4;2;D;1575
0;39;039;Customer 5;2;D;1500
0;39;039;Customer 6;2;D;300
0;39;039;Customer 7;2;D;1575
0;39;039;Customer 8;2;D;1500
0;39;039;Customer 9;2;D;1500
0;39;039;Customer 10;2;D;1500
0;39;039;Customer 11;2;D;1500
0;39;039;Unknown;2;D;14025
0;40;040;Customer 1;1;A;151
0;40;040;Customer 2;1;A;298
0;40;040;Customer 3;1;A;458
0;40;040;Customer 4;1;A;400
0;40;040;Customer 5;1;A;930
0;40;040;Customer 6;1;A;900
0;40;040;Customer 7;1;A;547
0;40;040;Customer 8;1;A;769
0;40;040;Customer 9;1;A;582
0;40;040;Customer 10;1;A;89
0;40;040;Customer 14;1;A;112
0;40;040;Unknown;1;A;5276
0;40;040;Customer 1;1;B;993
0;40;040;Customer 2;1;B;666
0;40;040;Customer 11;1;B;180
0;40;040;Customer 4;1;B;91
0;40;040;Customer 5;1;B;702
0;40;040;Customer 12;1;B;568
0;40;040;Customer 8;1;B;544
0;40;040;Customer 13;1;B;319
0;40;040;Customer 10;1;B;510
0;40;040;Customer 3;1;B;131
0;40;040;Unknown;1;B;4744
0;40;040;Customer 3;1;C;854
0;40;040;Customer 11;1;C;876
0;40;040;Customer 5;1;C;564
0;40;040;Customer 6;1;C;465
0;40;040;Customer 7;1;C;328
0;40;040;Customer 8;1;C;197
0;40;040;Customer 9;1;C;435
0;40;040;Customer 10;1;C;840
0;40;040;Customer 1;1;C;135
0;40;040;Customer 12;1;C;568
0;40;040;Unknown;1;C;5302
0;40;040;Customer 2;2;A;525
0;40;040;Customer 3;2;A;450
0;40;040;Customer 13;2;A;450
0;40;040;Customer 5;2;A;525
0;40;040;Customer 6;2;A;525
0;40;040;Customer 12;2;A;450
0;40;040;Customer 8;2;A;450
0;40;040;Customer 9;2;A;450
0;40;040;Customer 10;2;A;525
0;40;040;Customer 11;2;A;600
0;40;040;Unknown;2;A;4950
0;40;040;Customer 2;2;D;1575
0;40;040;Customer 3;2;D;1500
0;40;040;Customer 4;2;D;1575
0;40;040;Customer 5;2;D;1500
0;40;040;Customer 6;2;D;300
0;40;040;Customer 7;2;D;1575
0;40;040;Customer 8;2;D;1500
0;40;040;Customer 9;2;D;1500
0;40;040;Customer 10;2;D;1500
0;40;040;Customer 11;2;D;1500
0;40;040;Unknown;2;D;14025
0;41;041;Customer 1;1;A;744
0;41;041;Customer 2;1;A;515
0;41;041;Customer 3;1;A;129
0;41;041;Customer 4;1;A;453
0;41;041;Customer 5;1;A;904
0;41;041;Customer 6;1;A;128
0;41;041;Customer 8;1;A;893
0;41;041;Customer 9;1;A;126
0;41;041;Customer 14;1;A;85
0;41;041;Unknown;1;A;4018
0;41;041;Customer 1;1;B;477
0;41;041;Customer 2;1;B;157
0;41;041;Customer 11;1;B;880
0;41;041;Customer 4;1;B;567
0;41;041;Customer 5;1;B;823
0;41;041;Customer 12;1;B;637
0;41;041;Customer 8;1;B;135
0;41;041;Customer 13;1;B;201
0;41;041;Customer 10;1;B;680
0;41;041;Customer 3;1;B;111
0;41;041;Unknown;1;B;4709
0;41;041;Customer 11;1;C;620
0;41;041;Customer 5;1;C;359
0;41;041;Customer 6;1;C;337
0;41;041;Customer 7;1;C;739
0;41;041;Customer 8;1;C;729
0;41;041;Customer 9;1;C;971
0;41;041;Customer 10;1;C;131
0;41;041;Customer 1;1;C;113
0;41;041;Customer 12;1;C;637
0;41;041;Unknown;1;C;4677
0;41;041;Customer 2;2;A;525
0;41;041;Customer 13;2;A;450
0;41;041;Customer 5;2;A;450
0;41;041;Customer 6;2;A;450
0;41;041;Customer 12;2;A;450
0;41;041;Customer 8;2;A;450
0;41;041;Customer 9;2;A;450
0;41;041;Customer 10;2;A;525
0;41;041;Customer 11;2;A;450
0;41;041;Unknown;2;A;4200
0;41;041;Customer 2;2;D;1050
0;41;041;Customer 3;2;D;165
0;41;041;Customer 4;2;D;165
0;41;041;Customer 5;2;D;157
0;41;041;Customer 6;2;D;300
0;41;041;Customer 7;2;D;1575
0;41;041;Customer 8;2;D;1725
0;41;041;Customer 9;2;D;1650
0;41;041;Customer 10;2;D;1575
0;41;041;Customer 11;2;D;1575
0;41;041;Unknown;2;D;9937
0;42;042;Customer 1;1;A;114
0;42;042;Customer 2;1;A;145
0;42;042;Customer 3;1;A;9600
0;42;042;Customer 4;1;A;234
0;42;042;Customer 5;1;A;615
0;42;042;Customer 6;1;A;455
0;42;042;Customer 7;1;A;102
0;42;042;Customer 8;1;A;680
0;42;042;Customer 9;1;A;647
0;42;042;Customer 10;1;A;96
0;42;042;Customer 14;1;A;120
0;42;042;Unknown;1;A;12850
0;42;042;Customer 1;1;B;607
0;42;042;Customer 2;1;B;871
0;42;042;Customer 11;1;B;676
0;42;042;Customer 4;1;B;144
0;42;042;Customer 5;1;B;1077
0;42;042;Customer 12;1;B;145
0;42;042;Customer 8;1;B;416
0;42;042;Customer 13;1;B;299
0;42;042;Customer 10;1;B;378
0;42;042;Customer 3;1;B;96
0;42;042;Unknown;1;B;4751
0;42;042;Customer 3;1;C;836
0;42;042;Customer 11;1;C;130
0;42;042;Customer 5;1;C;205
0;42;042;Customer 6;1;C;440
0;42;042;Customer 7;1;C;910
0;42;042;Customer 8;1;C;142
0;42;042;Customer 9;1;C;965
0;42;042;Customer 10;1;C;221
0;42;042;Customer 1;1;C;113
0;42;042;Customer 12;1;C;145
0;42;042;Unknown;1;C;4149
0;42;042;Customer 2;2;A;525
0;42;042;Customer 3;2;A;450
0;42;042;Customer 13;2;A;450
0;42;042;Customer 5;2;A;450
0;42;042;Customer 12;2;A;450
0;42;042;Customer 8;2;A;450
0;42;042;Customer 9;2;A;450
0;42;042;Customer 10;2;A;525
0;42;042;Customer 11;2;A;450
0;42;042;Unknown;2;A;4200
0;42;042;Customer 2;2;D;1050
0;42;042;Customer 3;2;D;165
0;42;042;Customer 4;2;D;165
0;42;042;Customer 5;2;D;157
0;42;042;Customer 6;2;D;300
0;42;042;Customer 7;2;D;1575
0;42;042;Customer 8;2;D;1725
0;42;042;Customer 9;2;D;1650
0;42;042;Customer 10;2;D;1575
0;42;042;Customer 11;2;D;1575
0;42;042;Unknown;2;D;9937
0;43;043;Customer 1;1;A;563
0;43;043;Customer 2;1;A;403
0;43;043;Customer 3;1;A;258
0;43;043;Customer 4;1;A;412
0;43;043;Customer 5;1;A;753
0;43;043;Customer 6;1;A;331
0;43;043;Customer 7;1;A;140
0;43;043;Customer 8;1;A;765
0;43;043;Customer 9;1;A;445
0;43;043;Customer 10;1;A;27
0;43;043;Customer 14;1;A;97
0;43;043;Unknown;1;A;4237
0;43;043;Customer 1;1;B;108
0;43;043;Customer 2;1;B;369
0;43;043;Customer 4;1;B;276
0;43;043;Customer 5;1;B;105
0;43;043;Customer 12;1;B;228
0;43;043;Customer 8;1;B;228
0;43;043;Customer 13;1;B;108
0;43;043;Customer 10;1;B;222
0;43;043;Customer 3;1;B;128
0;43;043;Unknown;1;B;1815
0;43;043;Customer 3;1;C;913
0;43;043;Customer 11;1;C;267
0;43;043;Customer 5;1;C;302
0;43;043;Customer 6;1;C;593
0;43;043;Customer 7;1;C;770
0;43;043;Customer 9;1;C;659
0;43;043;Customer 10;1;C;556
0;43;043;Customer 1;1;C;118
0;43;043;Customer 12;1;C;228
0;43;043;Unknown;1;C;4449
0;43;043;Customer 2;2;A;525
0;43;043;Customer 3;2;A;450
0;43;043;Customer 13;2;A;450
0;43;043;Customer 5;2;A;450
0;43;043;Customer 6;2;A;450
0;43;043;Customer 12;2;A;450
0;43;043;Customer 8;2;A;450
0;43;043;Customer 9;2;A;450
0;43;043;Customer 10;2;A;525
0;43;043;Customer 11;2;A;450
0;43;043;Unknown;2;A;4650
0;43;043;Customer 2;2;D;1050
0;43;043;Customer 3;2;D;165
0;43;043;Customer 4;2;D;165
0;43;043;Customer 5;2;D;157
0;43;043;Customer 6;2;D;300
0;43;043;Customer 7;2;D;1575
0;43;043;Customer 8;2;D;1725
0;43;043;Customer 9;2;D;1650
0;43;043;Customer 10;2;D;1575
0;43;043;Customer 11;2;D;1575
0;43;043;Unknown;2;D;9937
0;44;044;Customer 1;1;A;661
0;44;044;Customer 2;1;A;281
0;44;044;Customer 3;1;A;852
0;44;044;Customer 4;1;A;328
0;44;044;Customer 5;1;A;112
0;44;044;Customer 6;1;A;627
0;44;044;Customer 7;1;A;258
0;44;044;Customer 8;1;A;158
0;44;044;Customer 9;1;A;777
0;44;044;Customer 10;1;A;65
0;44;044;Customer 14;1;A;85
0;44;044;Unknown;1;A;4248
0;44;044;Customer 1;1;B;352
0;44;044;Customer 2;1;B;211
0;44;044;Customer 11;1;B;234
0;44;044;Customer 4;1;B;231
0;44;044;Customer 5;1;B;364
0;44;044;Customer 8;1;B;127
0;44;044;Customer 10;1;B;254
0;44;044;Customer 3;1;B;120
0;44;044;Unknown;1;B;1937
0;44;044;Customer 3;1;C;483
0;44;044;Customer 11;1;C;164
0;44;044;Customer 5;1;C;220
0;44;044;Customer 6;1;C;630
0;44;044;Customer 7;1;C;396
0;44;044;Customer 8;1;C;296
0;44;044;Customer 9;1;C;807
0;44;044;Customer 10;1;C;545
0;44;044;Customer 1;1;C;85
0;44;044;Unknown;1;C;3670
0;44;044;Customer 2;2;A;525
0;44;044;Customer 3;2;A;450
0;44;044;Customer 13;2;A;450
0;44;044;Customer 5;2;A;450
0;44;044;Customer 6;2;A;450
0;44;044;Customer 12;2;A;450
0;44;044;Customer 9;2;A;450
0;44;044;Customer 10;2;A;525
0;44;044;Customer 11;2;A;450
0;44;044;Unknown;2;A;4200
0;44;044;Customer 2;2;D;1050
0;44;044;Customer 3;2;D;165
0;44;044;Customer 4;2;D;165
0;44;044;Customer 5;2;D;157
0;44;044;Customer 6;2;D;300
0;44;044;Customer 7;2;D;157
0;44;044;Customer 10;2;D;157
0;44;044;Customer 11;2;D;157
0;44;044;Unknown;2;D;2308
0;45;045;Customer 1;1;A;213
0;45;045;Customer 2;1;A;654
0;45;045;Customer 3;1;A;565
0;45;045;Customer 4;1;A;802
0;45;045;Customer 5;1;A;706
0;45;045;Customer 6;1;A;513
0;45;045;Customer 7;1;A;114
0;45;045;Customer 8;1;A;826
0;45;045;Customer 9;1;A;471
0;45;045;Customer 10;1;A;101
0;45;045;Customer 14;1;A;120
0;45;045;Unknown;1;A;5130
0;45;045;Customer 1;1;B;440
0;45;045;Customer 2;1;B;127
0;45;045;Customer 11;1;B;373
0;45;045;Customer 4;1;B;164
0;45;045;Customer 5;1;B;190
0;45;045;Customer 12;1;B;165
0;45;045;Customer 8;1;B;318
0;45;045;Customer 13;1;B;147
0;45;045;Customer 10;1;B;137
0;45;045;Customer 3;1;B;122
0;45;045;Unknown;1;B;2228
0;45;045;Customer 3;1;C;100
0;45;045;Customer 11;1;C;187
0;45;045;Customer 5;1;C;103
0;45;045;Customer 6;1;C;173
0;45;045;Customer 7;1;C;0
0;45;045;Customer 8;1;C;137
0;45;045;Customer 9;1;C;114
0;45;045;Customer 10;1;C;573
0;45;045;Customer 1;1;C;116
0;45;045;Customer 12;1;C;165
0;45;045;Unknown;1;C;1713
0;45;045;Customer 2;2;A;450
0;45;045;Customer 3;2;A;450
0;45;045;Customer 13;2;A;600
0;45;045;Customer 5;2;A;375
0;45;045;Customer 6;2;A;375
0;45;045;Customer 12;2;A;450
0;45;045;Customer 8;2;A;450
0;45;045;Customer 9;2;A;375
0;45;045;Customer 10;2;A;375
0;45;045;Customer 11;2;A;375
0;45;045;Unknown;2;A;4275
0;45;045;Customer 2;2;D;975
0;45;045;Customer 3;2;D;165
0;45;045;Customer 4;2;D;165
0;45;045;Customer 5;2;D;157
0;45;045;Customer 6;2;D;300
0;45;045;Customer 7;2;D;170
0;45;045;Customer 10;2;D;172
0;45;045;Customer 11;2;D;172
0;45;045;Unknown;2;D;2276
0;46;046;Customer 1;1;A;411
0;46;046;Customer 2;1;A;916
0;46;046;Customer 3;1;A;132
0;46;046;Customer 4;1;A;940
0;46;046;Customer 5;1;A;343
0;46;046;Customer 6;1;A;172
0;46;046;Customer 7;1;A;328
0;46;046;Customer 8;1;A;257
0;46;046;Customer 9;1;A;840
0;46;046;Customer 10;1;A;119
0;46;046;Customer 14;1;A;93
0;46;046;Unknown;1;A;4597
0;46;046;Customer 1;1;B;104
0;46;046;Customer 2;1;B;276
0;46;046;Customer 11;1;B;202
0;46;046;Customer 5;1;B;55
0;46;046;Customer 12;1;B;170
0;46;046;Customer 8;1;B;306
0;46;046;Customer 13;1;B;452
0;46;046;Customer 3;1;B;93
0;46;046;Unknown;1;B;1704
0;46;046;Customer 3;1;C;100
0;46;046;Customer 11;1;C;123
0;46;046;Customer 5;1;C;55
0;46;046;Customer 6;1;C;78
0;46;046;Customer 7;1;C;175
0;46;046;Customer 8;1;C;69
0;46;046;Customer 9;1;C;36
0;46;046;Customer 10;1;C;50
0;46;046;Customer 1;1;C;133
0;46;046;Customer 12;1;C;170
0;46;046;Unknown;1;C;1035
0;46;046;Customer 2;2;A;450
0;46;046;Customer 13;2;A;600
0;46;046;Customer 5;2;A;375
0;46;046;Customer 6;2;A;375
0;46;046;Customer 12;2;A;450
0;46;046;Customer 8;2;A;450
0;46;046;Customer 9;2;A;375
0;46;046;Customer 10;2;A;375
0;46;046;Customer 11;2;A;375
0;46;046;Unknown;2;A;3825
0;46;046;Customer 2;2;D;975
0;46;046;Customer 3;2;D;165
0;46;046;Customer 4;2;D;165
0;46;046;Customer 5;2;D;157
0;46;046;Customer 6;2;D;300
0;46;046;Customer 7;2;D;170
0;46;046;Customer 10;2;D;172
0;46;046;Customer 11;2;D;172
0;46;046;Unknown;2;D;2276
0;47;047;Customer 1;1;A;141
0;47;047;Customer 2;1;A;180
0;47;047;Customer 3;1;A;105
0;47;047;Customer 4;1;A;277
0;47;047;Customer 5;1;A;102
0;47;047;Customer 6;1;A;109
0;47;047;Customer 7;1;A;99
0;47;047;Customer 8;1;A;502
0;47;047;Customer 9;1;A;290
0;47;047;Customer 10;1;A;58
0;47;047;Customer 14;1;A;97
0;47;047;Unknown;1;A;2007
0;47;047;Customer 1;1;B;106
0;47;047;Customer 2;1;B;100
0;47;047;Customer 11;1;B;295
0;47;047;Customer 4;1;B;107
0;47;047;Customer 5;1;B;110
0;47;047;Customer 12;1;B;110
0;47;047;Customer 8;1;B;141
0;47;047;Customer 3;1;B;122
0;47;047;Unknown;1;B;1138
0;47;047;Customer 3;1;C;50
0;47;047;Customer 11;1;C;20
0;47;047;Customer 6;1;C;74
0;47;047;Customer 7;1;C;109
0;47;047;Customer 8;1;C;63
0;47;047;Customer 9;1;C;100
0;47;047;Customer 10;1;C;122
0;47;047;Customer 1;1;C;108
0;47;047;Customer 12;1;C;110
0;47;047;Unknown;1;C;803
0;47;047;Customer 2;2;A;155
0;47;047;Customer 3;2;A;80
0;47;047;Customer 5;2;A;135
0;47;047;Customer 6;2;A;175
0;47;047;Customer 12;2;A;150
0;47;047;Customer 8;2;A;80
0;47;047;Customer 9;2;A;75
0;47;047;Customer 11;2;A;375
0;47;047;Unknown;2;A;1225
0;47;047;Customer 2;2;D;975
0;47;047;Customer 3;2;D;165
0;47;047;Customer 4;2;D;165
0;47;047;Customer 5;2;D;157
0;47;047;Customer 6;2;D;300
0;47;047;Customer 7;2;D;170
0;47;047;Customer 10;2;D;172
0;47;047;Unknown;2;D;2104
0;48;048;Customer 1;1;A;237
0;48;048;Customer 2;1;A;198
0;48;048;Customer 3;1;A;534
0;48;048;Customer 4;1;A;141
0;48;048;Customer 5;1;A;141
0;48;048;Customer 6;1;A;152
0;48;048;Customer 7;1;A;101
0;48;048;Customer 8;1;A;112
0;48;048;Customer 9;1;A;141
0;48;048;Customer 10;1;A;107
0;48;048;Customer 14;1;A;119
0;48;048;Unknown;1;A;2031
0;48;048;Customer 1;1;B;189
0;48;048;Customer 11;1;B;100
0;48;048;Customer 4;1;B;187
0;48;048;Customer 5;1;B;120
0;48;048;Customer 12;1;B;150
0;48;048;Customer 8;1;B;120
0;48;048;Customer 13;1;B;270
0;48;048;Customer 10;1;B;129
0;48;048;Customer 3;1;B;113
0;48;048;Unknown;1;B;1426
0;48;048;Customer 3;1;C;70
0;48;048;Customer 11;1;C;55
0;48;048;Customer 5;1;C;55
0;48;048;Customer 6;1;C;50
0;48;048;Customer 7;1;C;44
0;48;048;Customer 8;1;C;54
0;48;048;Customer 9;1;C;50
0;48;048;Customer 10;1;C;55
0;48;048;Customer 1;1;C;124
0;48;048;Customer 12;1;C;50
0;48;048;Unknown;1;C;655
0;48;048;Customer 2;2;A;115
0;48;048;Customer 3;2;A;100
0;48;048;Customer 13;2;A;70
0;48;048;Customer 5;2;A;100
0;48;048;Customer 6;2;A;75
0;48;048;Customer 12;2;A;90
0;48;048;Customer 8;2;A;50
0;48;048;Customer 9;2;A;60
0;48;048;Customer 10;2;A;70
0;48;048;Customer 11;2;A;375
0;48;048;Unknown;2;A;1105
0;48;048;Customer 2;2;D;975
0;48;048;Customer 3;2;D;165
0;48;048;Customer 4;2;D;165
0;48;048;Customer 5;2;D;157
0;48;048;Customer 6;2;D;300
0;48;048;Customer 7;2;D;170
0;48;048;Customer 10;2;D;172
0;48;048;Customer 11;2;D;172
0;48;048;Unknown;2;D;2276
0;49;049;Customer 1;1;A;240
0;49;049;Customer 2;1;A;133
0;49;049;Customer 3;1;A;145
0;49;049;Customer 4;1;A;185
0;49;049;Customer 5;1;A;134
0;49;049;Customer 6;1;A;106
0;49;049;Customer 7;1;A;123
0;49;049;Customer 8;1;A;122
0;49;049;Customer 9;1;A;100
0;49;049;Customer 10;1;A;344
0;49;049;Customer 14;1;A;100
0;49;049;Unknown;1;A;1781
0;49;049;Customer 1;1;B;175
0;49;049;Customer 2;1;B;154
0;49;049;Customer 11;1;B;187
0;49;049;Customer 4;1;B;167
0;49;049;Customer 5;1;B;122
0;49;049;Customer 12;1;B;133
0;49;049;Customer 8;1;B;123
0;49;049;Customer 13;1;B;189
0;49;049;Customer 10;1;B;143
0;49;049;Customer 3;1;B;92
0;49;049;Unknown;1;B;1534
0;49;049;Customer 3;1;C;108
0;49;049;Customer 11;1;C;86
0;49;049;Customer 5;1;C;80
0;49;049;Customer 6;1;C;35
0;49;049;Customer 7;1;C;55
0;49;049;Customer 8;1;C;184
0;49;049;Customer 9;1;C;40
0;49;049;Customer 10;1;C;81
0;49;049;Customer 1;1;C;106
0;49;049;Customer 12;1;C;30
0;49;049;Unknown;1;C;854
0;49;049;Customer 2;2;A;95
0;49;049;Customer 3;2;A;100
0;49;049;Customer 13;2;A;50
0;49;049;Customer 5;2;A;80
0;49;049;Customer 10;2;A;50
0;49;049;Customer 11;2;A;125
0;49;049;Unknown;2;A;500
0;49;049;Customer 2;2;D;1050
0;49;049;Customer 6;2;D;300
0;49;049;Customer 10;2;D;900
0;49;049;Unknown;2;D;2250
0;50;050;Customer 1;1;A;164
0;50;050;Customer 2;1;A;111
0;50;050;Customer 3;1;A;155
0;50;050;Customer 4;1;A;154
0;50;050;Customer 5;1;A;134
0;50;050;Customer 6;1;A;163
0;50;050;Customer 7;1;A;100
0;50;050;Customer 8;1;A;98
0;50;050;Customer 9;1;A;123
0;50;050;Customer 10;1;A;121
0;50;050;Customer 14;1;A;87
0;50;050;Unknown;1;A;1460
0;50;050;Customer 1;1;B;119
0;50;050;Customer 2;1;B;155
0;50;050;Customer 11;1;B;149
0;50;050;Customer 4;1;B;131
0;50;050;Customer 5;1;B;177
0;50;050;Customer 12;1;B;154
0;50;050;Customer 8;1;B;177
0;50;050;Customer 13;1;B;244
0;50;050;Customer 10;1;B;116
0;50;050;Customer 3;1;B;82
0;50;050;Unknown;1;B;1554
0;50;050;Customer 3;1;C;60
0;50;050;Customer 11;1;C;69
0;50;050;Customer 5;1;C;106
0;50;050;Customer 6;1;C;26
0;50;050;Customer 7;1;C;82
0;50;050;Customer 8;1;C;153
0;50;050;Customer 9;1;C;44
0;50;050;Customer 10;1;C;56
0;50;050;Customer 1;1;C;84
0;50;050;Customer 12;1;C;50
0;50;050;Unknown;1;C;780
0;50;050;Customer 2;2;A;80
0;50;050;Customer 3;2;A;90
0;50;050;Customer 13;2;A;70
0;50;050;Customer 5;2;A;90
0;50;050;Customer 6;2;A;90
0;50;050;Customer 10;2;A;70
0;50;050;Customer 11;2;A;125
0;50;050;Unknown;2;A;615
0;50;050;Customer 2;2;D;1050
0;50;050;Customer 6;2;D;300
0;50;050;Customer 10;2;D;900
0;50;050;Unknown;2;D;2250
0;51;051;Customer 1;1;A;166
0;51;051;Customer 2;1;A;168
0;51;051;Customer 3;1;A;133
0;51;051;Customer 4;1;A;97
0;51;051;Customer 5;1;A;144
0;51;051;Customer 6;1;A;113
0;51;051;Customer 7;1;A;356
0;51;051;Customer 8;1;A;143
0;51;051;Customer 9;1;A;133
0;51;051;Customer 10;1;A;222
0;51;051;Customer 14;1;A;99
0;51;051;Unknown;1;A;1825
0;51;051;Customer 3;2;A;100
0;51;051;Customer 5;2;A;90
0;51;051;Customer 6;2;A;90
0;51;051;Customer 8;2;A;90
0;51;051;Customer 9;2;A;90
0;51;051;Customer 11;2;A;150
0;51;051;Unknown;2;A;610
0;51;051;Customer 2;2;D;1050
0;51;051;Customer 6;2;D;300
0;51;051;Customer 10;2;D;900
0;51;051;Unknown;2;D;2250
0;52;052;Customer 1;1;A;148
0;52;052;Customer 2;1;A;133
0;52;052;Customer 3;1;A;349
0;52;052;Customer 4;1;A;102
0;52;052;Customer 5;1;A;323
0;52;052;Customer 6;1;A;322
0;52;052;Customer 7;1;A;278
0;52;052;Customer 8;1;A;154
0;52;052;Customer 9;1;A;166
0;52;052;Customer 10;1;A;134
0;52;052;Customer 14;1;A;127
0;52;052;Unknown;1;A;2288
0;52;052;Customer 3;2;A;75
0;52;052;Customer 5;2;A;75
0;52;052;Customer 6;2;A;75
0;52;052;Customer 8;2;A;75
0;52;052;Customer 9;2;A;75
0;52;052;Customer 10;2;A;80
0;52;052;Customer 11;2;A;50
0;52;052;Unknown;2;A;505
0;52;052;Customer 2;2;D;1050
0;52;052;Customer 6;2;D;300
0;52;052;Customer 10;2;D;900
0;52;052;Unknown;2;D;2250
1;1;101;Customer 2;1;A;777
1;1;101;Customer 3;1;A;844
1;1;101;Customer 4;1;A;323
1;1;101;Customer 5;1;A;788
1;1;101;Customer 6;1;A;975
1;1;101;Customer 7;1;A;424
1;1;101;Customer 8;1;A;284
1;1;101;Customer 9;1;A;900
1;1;101;Customer 10;1;A;751
1;1;101;Customer 14;1;A;127
1;1;101;Unknown;1;A;6194
1;1;101;Customer 1;1;B;696
1;1;101;Customer 2;1;B;515
1;1;101;Customer 11;1;B;525
1;1;101;Customer 4;1;B;527
1;1;101;Customer 5;1;B;679
1;1;101;Customer 12;1;B;864
1;1;101;Customer 8;1;B;222
1;1;101;Customer 13;1;B;447
1;1;101;Customer 10;1;B;713
1;1;101;Customer 3;1;B;115
1;1;101;Unknown;1;B;5304
1;1;101;Customer 3;1;C;256
1;1;101;Customer 11;1;C;146
1;1;101;Customer 5;1;C;163
1;1;101;Customer 6;1;C;382
1;1;101;Customer 7;1;C;235
1;1;101;Customer 8;1;C;160
1;1;101;Customer 9;1;C;144
1;1;101;Customer 10;1;C;151
1;1;101;Customer 1;1;C;92
1;1;101;Customer 12;1;C;340
1;1;101;Unknown;1;C;2070
1;1;101;Customer 2;2;A;950
1;1;101;Customer 3;2;A;950
1;1;101;Customer 13;2;A;600
1;1;101;Customer 5;2;A;950
1;1;101;Customer 6;2;A;750
1;1;101;Customer 12;2;A;600
1;1;101;Customer 8;2;A;750
1;1;101;Customer 9;2;A;825
1;1;101;Customer 10;2;A;750
1;1;101;Customer 11;2;A;300
1;1;101;Unknown;2;A;7425
1;1;101;Customer 2;2;D;975
1;1;101;Customer 6;2;D;300
1;1;101;Customer 10;2;D;975
1;1;101;Unknown;2;D;2250
1;2;102;Customer 1;1;A;497
1;2;102;Customer 2;1;A;615
1;2;102;Customer 3;1;A;639
1;2;102;Customer 4;1;A;342
1;2;102;Customer 5;1;A;132
1;2;102;Customer 7;1;A;154
1;2;102;Customer 8;1;A;200
1;2;102;Customer 9;1;A;899
1;2;102;Customer 10;1;A;233
1;2;102;Customer 14;1;A;88
1;2;102;Unknown;1;A;3801
1;2;102;Customer 1;1;B;471
1;2;102;Customer 2;1;B;233
1;2;102;Customer 4;1;B;785
1;2;102;Customer 5;1;B;289
1;2;102;Customer 12;1;B;461
1;2;102;Customer 8;1;B;122
1;2;102;Customer 13;1;B;539
1;2;102;Customer 10;1;B;415
1;2;102;Customer 3;1;B;449
1;2;102;Unknown;1;B;3766
1;2;102;Customer 3;1;C;160
1;2;102;Customer 11;1;C;130
1;2;102;Customer 5;1;C;190
1;2;102;Customer 6;1;C;190
1;2;102;Customer 7;1;C;103
1;2;102;Customer 8;1;C;130
1;2;102;Customer 9;1;C;190
1;2;102;Customer 10;1;C;300
1;2;102;Customer 1;1;C;105
1;2;102;Customer 12;1;C;240
1;2;102;Unknown;1;C;1740
1;2;102;Customer 2;2;A;750
1;2;102;Customer 3;2;A;750
1;2;102;Customer 5;2;A;750
1;2;102;Customer 6;2;A;750
1;2;102;Customer 8;2;A;750
1;2;102;Customer 9;2;A;825
1;2;102;Customer 10;2;A;750
1;2;102;Customer 11;2;A;300
1;2;102;Unknown;2;A;5625
1;2;102;Customer 2;2;D;975
1;2;102;Customer 6;2;D;300
1;2;102;Customer 10;2;D;975
1;2;102;Unknown;2;D;2250
1;3;103;Customer 1;1;A;364
1;3;103;Customer 2;1;A;814
1;3;103;Customer 4;1;A;332
1;3;103;Customer 5;1;A;995
1;3;103;Customer 6;1;A;187
1;3;103;Customer 7;1;A;416
1;3;103;Customer 8;1;A;119
1;3;103;Customer 9;1;A;178
1;3;103;Customer 10;1;A;788
1;3;103;Customer 14;1;A;101
1;3;103;Unknown;1;A;4297
1;3;103;Customer 2;1;B;233
1;3;103;Customer 11;1;B;481
1;3;103;Customer 4;1;B;803
1;3;103;Customer 5;1;B;307
1;3;103;Customer 12;1;B;667
1;3;103;Customer 8;1;B;987
1;3;103;Customer 13;1;B;887
1;3;103;Customer 10;1;B;383
1;3;103;Customer 3;1;B;137
1;3;103;Unknown;1;B;4888
1;3;103;Customer 3;1;C;436
1;3;103;Customer 11;1;C;511
1;3;103;Customer 5;1;C;282
1;3;103;Customer 6;1;C;440
1;3;103;Customer 7;1;C;339
1;3;103;Customer 8;1;C;521
1;3;103;Customer 9;1;C;555
1;3;103;Customer 10;1;C;555
1;3;103;Customer 1;1;C;111
1;3;103;Customer 12;1;C;356
1;3;103;Unknown;1;C;4109
1;3;103;Customer 2;2;A;750
1;3;103;Customer 3;2;A;750
1;3;103;Customer 5;2;A;750
1;3;103;Customer 6;2;A;750
1;3;103;Customer 8;2;A;750
1;3;103;Customer 9;2;A;825
1;3;103;Customer 11;2;A;300
1;3;103;Unknown;2;A;4875
1;3;103;Customer 2;2;D;975
1;3;103;Customer 6;2;D;300
1;3;103;Customer 10;2;D;975
1;3;103;Unknown;2;D;2250
1;4;104;Customer 1;1;A;251
1;4;104;Customer 2;1;A;197
1;4;104;Customer 3;1;A;791
1;4;104;Customer 5;1;A;424
1;4;104;Customer 6;1;A;925
1;4;104;Customer 7;1;A;413
1;4;104;Customer 8;1;A;138
1;4;104;Customer 9;1;A;338
1;4;104;Customer 14;1;A;111
1;4;104;Unknown;1;A;3592
1;4;104;Customer 1;1;B;128
1;4;104;Customer 2;1;B;233
1;4;104;Customer 11;1;B;739
1;4;104;Customer 4;1;B;553
1;4;104;Customer 5;1;B;171
1;4;104;Customer 12;1;B;986
1;4;104;Customer 8;1;B;470
1;4;104;Customer 13;1;B;482
1;4;104;Customer 10;1;B;717
1;4;104;Customer 3;1;B;95
1;4;104;Unknown;1;B;4578
1;4;104;Customer 3;1;C;746
1;4;104;Customer 11;1;C;399
1;4;104;Customer 5;1;C;486
1;4;104;Customer 6;1;C;500
1;4;104;Customer 7;1;C;430
1;4;104;Customer 8;1;C;550
1;4;104;Customer 9;1;C;511
1;4;104;Customer 10;1;C;387
1;4;104;Customer 1;1;C;142
1;4;104;Customer 12;1;C;149
1;4;104;Unknown;1;C;4304
1;4;104;Customer 2;2;A;750
1;4;104;Customer 3;2;A;750
1;4;104;Customer 13;2;A;750
1;4;104;Customer 5;2;A;750
1;4;104;Customer 6;2;A;750
1;4;104;Customer 9;2;A;825
1;4;104;Customer 11;2;A;300
1;4;104;Unknown;2;A;4875
1;4;104;Customer 2;2;D;975
1;4;104;Customer 6;2;D;300
1;4;104;Customer 10;2;D;975
1;4;104;Unknown;2;D;2250
1;5;105;Customer 1;1;A;798
1;5;105;Customer 2;1;A;969
1;5;105;Customer 3;1;A;436
1;5;105;Customer 4;1;A;1155
1;5;105;Customer 5;1;A;636
1;5;105;Customer 6;1;A;723
1;5;105;Customer 7;1;A;398
1;5;105;Customer 8;1;A;756
1;5;105;Customer 9;1;A;831
1;5;105;Customer 10;1;A;579
1;5;105;Customer 14;1;A;88
1;5;105;Unknown;1;A;7374
1;5;105;Customer 1;1;B;443
1;5;105;Customer 11;1;B;455
1;5;105;Customer 4;1;B;460
1;5;105;Customer 5;1;B;257
1;5;105;Customer 12;1;B;759
1;5;105;Customer 8;1;B;131
1;5;105;Customer 13;1;B;445
1;5;105;Customer 10;1;B;724
1;5;105;Customer 3;1;B;109
1;5;105;Unknown;1;B;3788
1;5;105;Customer 3;1;C;635
1;5;105;Customer 11;1;C;447
1;5;105;Customer 5;1;C;391
1;5;105;Customer 7;1;C;208
1;5;105;Customer 8;1;C;511
1;5;105;Customer 9;1;C;552
1;5;105;Customer 10;1;C;302
1;5;105;Customer 1;1;C;125
1;5;105;Customer 12;1;C;122
1;5;105;Unknown;1;C;3298
1;5;105;Customer 2;2;A;900
1;5;105;Customer 13;2;A;750
1;5;105;Customer 5;2;A;750
1;5;105;Customer 6;2;A;675
1;5;105;Customer 12;2;A;675
1;5;105;Customer 9;2;A;675
1;5;105;Customer 10;2;A;500
1;5;105;Customer 11;2;A;575
1;5;105;Unknown;2;A;5500
1;5;105;Customer 2;2;D;1050
1;5;105;Customer 6;2;D;300
1;5;105;Customer 10;2;D;900
1;5;105;Unknown;2;D;2250
1;6;106;Customer 1;1;A;869
1;6;106;Customer 2;1;A;471
1;6;106;Customer 3;1;A;171
1;6;106;Customer 4;1;A;1153
1;6;106;Customer 5;1;A;379
1;6;106;Customer 6;1;A;883
1;6;106;Customer 8;1;A;476
1;6;106;Customer 9;1;A;797
1;6;106;Customer 10;1;A;663
1;6;106;Unknown;1;A;5868
1;6;106;Customer 1;1;B;208
1;6;106;Customer 2;1;B;297
1;6;106;Customer 11;1;B;424
1;6;106;Customer 4;1;B;931
1;6;106;Customer 5;1;B;936
1;6;106;Customer 12;1;B;861
1;6;106;Customer 8;1;B;491
1;6;106;Customer 13;1;B;552
1;6;106;Customer 10;1;B;351
1;6;106;Customer 3;1;B;97
1;6;106;Unknown;1;B;5154
1;6;106;Customer 3;1;C;597
1;6;106;Customer 11;1;C;228
1;6;106;Customer 5;1;C;486
1;6;106;Customer 6;1;C;507
1;6;106;Customer 7;1;C;414
1;6;106;Customer 8;1;C;516
1;6;106;Customer 9;1;C;475
1;6;106;Customer 10;1;C;39
1;6;106;Customer 1;1;C;123
1;6;106;Customer 12;1;C;188
1;6;106;Unknown;1;C;3579
1;6;106;Customer 2;2;A;900
1;6;106;Customer 13;2;A;750
1;6;106;Customer 5;2;A;750
1;6;106;Customer 6;2;A;675
1;6;106;Customer 12;2;A;675
1;6;106;Customer 9;2;A;675
1;6;106;Customer 10;2;A;500
1;6;106;Customer 11;2;A;575
1;6;106;Unknown;2;A;5500
1;6;106;Customer 3;2;D;142
1;6;106;Customer 4;2;D;1425
1;6;106;Customer 5;2;D;1425
1;6;106;Customer 6;2;D;300
1;6;106;Customer 7;2;D;1425
1;6;106;Customer 8;2;D;1425
1;6;106;Customer 9;2;D;1425
1;6;106;Customer 10;2;D;1425
1;6;106;Customer 11;2;D;1425
1;6;106;Unknown;2;D;10417
1;7;107;Customer 1;1;A;501
1;7;107;Customer 2;1;A;907
1;7;107;Customer 3;1;A;763
1;7;107;Customer 4;1;A;936
1;7;107;Customer 5;1;A;360
1;7;107;Customer 6;1;A;687
1;7;107;Customer 7;1;A;120
1;7;107;Customer 8;1;A;772
1;7;107;Customer 9;1;A;143
1;7;107;Customer 10;1;A;310
1;7;107;Customer 14;1;A;121
1;7;107;Unknown;1;A;5627
1;7;107;Customer 1;1;B;604
1;7;107;Customer 2;1;B;592
1;7;107;Customer 11;1;B;642
1;7;107;Customer 4;1;B;90
1;7;107;Customer 5;1;B;225
1;7;107;Customer 12;1;B;508
1;7;107;Customer 8;1;B;602
1;7;107;Customer 13;1;B;870
1;7;107;Customer 10;1;B;631
1;7;107;Customer 3;1;B;103
1;7;107;Unknown;1;B;4874
1;7;107;Customer 3;1;C;277
1;7;107;Customer 11;1;C;259
1;7;107;Customer 5;1;C;253
1;7;107;Customer 6;1;C;127
1;7;107;Customer 7;1;C;197
1;7;107;Customer 8;1;C;320
1;7;107;Customer 9;1;C;269
1;7;107;Customer 10;1;C;90
1;7;107;Customer 1;1;C;73
1;7;107;Customer 12;1;C;202
1;7;107;Unknown;1;C;2074
1;7;107;Customer 2;2;A;900
1;7;107;Customer 13;2;A;750
1;7;107;Customer 6;2;A;675
1;7;107;Customer 12;2;A;675
1;7;107;Customer 9;2;A;675
1;7;107;Customer 10;2;A;500
1;7;107;Customer 11;2;A;575
1;7;107;Unknown;2;A;4750
1;7;107;Customer 2;2;D;1575
1;7;107;Customer 3;2;D;150
1;7;107;Customer 4;2;D;1575
1;7;107;Customer 5;2;D;1500
1;7;107;Customer 6;2;D;300
1;7;107;Customer 8;2;D;1500
1;7;107;Customer 9;2;D;1500
1;7;107;Customer 10;2;D;1500
1;7;107;Customer 11;2;D;1500
1;7;107;Unknown;2;D;11100
1;8;108;Customer 1;1;A;989
1;8;108;Customer 2;1;A;504
1;8;108;Customer 3;1;A;870
1;8;108;Customer 4;1;A;774
1;8;108;Customer 5;1;A;526
1;8;108;Customer 6;1;A;709
1;8;108;Customer 7;1;A;285
1;8;108;Customer 8;1;A;719
1;8;108;Customer 9;1;A;657
1;8;108;Customer 10;1;A;474
1;8;108;Customer 14;1;A;120
1;8;108;Unknown;1;A;6635
1;8;108;Customer 1;1;B;513
1;8;108;Customer 11;1;B;257
1;8;108;Customer 4;1;B;85
1;8;108;Customer 5;1;B;629
1;8;108;Customer 12;1;B;102
1;8;108;Customer 8;1;B;169
1;8;108;Customer 13;1;B;515
1;8;108;Customer 10;1;B;477
1;8;108;Customer 3;1;B;111
1;8;108;Unknown;1;B;2866
1;8;108;Customer 3;1;C;398
1;8;108;Customer 11;1;C;509
1;8;108;Customer 5;1;C;265
1;8;108;Customer 6;1;C;373
1;8;108;Customer 7;1;C;600
1;8;108;Customer 8;1;C;580
1;8;108;Customer 9;1;C;560
1;8;108;Customer 10;1;C;670
1;8;108;Customer 1;1;C;142
1;8;108;Customer 12;1;C;102
1;8;108;Unknown;1;C;4207
1;8;108;Customer 13;2;A;750
1;8;108;Customer 6;2;A;675
1;8;108;Customer 12;2;A;675
1;8;108;Customer 9;2;A;675
1;8;108;Customer 10;2;A;600
1;8;108;Customer 11;2;A;575
1;8;108;Unknown;2;A;3950
1;8;108;Customer 2;2;D;1575
1;8;108;Customer 3;2;D;150
1;8;108;Customer 5;2;D;1500
1;8;108;Customer 6;2;D;300
1;8;108;Customer 7;2;D;1575
1;8;108;Customer 8;2;D;1500
1;8;108;Customer 9;2;D;1500
1;8;108;Customer 10;2;D;1500
1;8;108;Customer 11;2;D;1500
1;8;108;Unknown;2;D;11100
1;9;109;Customer 1;1;A;736
1;9;109;Customer 2;1;A;500
1;9;109;Customer 3;1;A;699
1;9;109;Customer 4;1;A;731
1;9;109;Customer 5;1;A;562
1;9;109;Customer 6;1;A;876
1;9;109;Customer 7;1;A;1156
1;9;109;Customer 8;1;A;860
1;9;109;Customer 9;1;A;862
1;9;109;Customer 10;1;A;603
1;9;109;Customer 14;1;A;328
1;9;109;Unknown;1;A;7922
1;9;109;Customer 1;1;B;182
1;9;109;Customer 2;1;B;549
1;9;109;Customer 11;1;B;544
1;9;109;Customer 4;1;B;542
1;9;109;Customer 5;1;B;831
1;9;109;Customer 12;1;B;171
1;9;109;Customer 8;1;B;658
1;9;109;Customer 13;1;B;776
1;9;109;Customer 10;1;B;474
1;9;109;Customer 3;1;B;107
1;9;109;Unknown;1;B;4843
1;9;109;Customer 3;1;C;445
1;9;109;Customer 11;1;C;487
1;9;109;Customer 5;1;C;145
1;9;109;Customer 6;1;C;494
1;9;109;Customer 7;1;C;590
1;9;109;Customer 8;1;C;580
1;9;109;Customer 9;1;C;305
1;9;109;Customer 10;1;C;223
1;9;109;Customer 1;1;C;94
1;9;109;Customer 12;1;C;171
1;9;109;Unknown;1;C;3543
1;9;109;Customer 2;2;A;675
1;9;109;Customer 13;2;A;675
1;9;109;Customer 5;2;A;675
1;9;109;Customer 6;2;A;675
1;9;109;Customer 12;2;A;675
1;9;109;Customer 9;2;A;675
1;9;109;Customer 10;2;A;650
1;9;109;Customer 11;2;A;675
1;9;109;Unknown;2;A;5375
1;9;109;Customer 2;2;D;1575
1;9;109;Customer 3;2;D;150
1;9;109;Customer 4;2;D;1575
1;9;109;Customer 5;2;D;1500
1;9;109;Customer 6;2;D;300
1;9;109;Customer 7;2;D;1575
1;9;109;Customer 9;2;D;1500
1;9;109;Customer 10;2;D;1500
1;9;109;Customer 11;2;D;1500
1;9;109;Unknown;2;D;11175
1;10;110;Customer 1;1;A;880
1;10;110;Customer 2;1;A;606
1;10;110;Customer 3;1;A;500
1;10;110;Customer 4;1;A;580
1;10;110;Customer 5;1;A;897
1;10;110;Customer 6;1;A;993
1;10;110;Customer 7;1;A;830
1;10;110;Customer 8;1;A;439
1;10;110;Customer 9;1;A;989
1;10;110;Customer 10;1;A;434
1;10;110;Customer 14;1;A;136
1;10;110;Unknown;1;A;7294
1;10;110;Customer 1;1;B;938
1;10;110;Customer 2;1;B;768
1;10;110;Customer 11;1;B;307
1;10;110;Customer 4;1;B;671
1;10;110;Customer 5;1;B;585
1;10;110;Customer 12;1;B;747
1;10;110;Customer 13;1;B;410
1;10;110;Customer 3;1;B;144
1;10;110;Unknown;1;B;4580
1;10;110;Customer 3;1;C;694
1;10;110;Customer 11;1;C;777
1;10;110;Customer 5;1;C;686
1;10;110;Customer 6;1;C;497
1;10;110;Customer 7;1;C;876
1;10;110;Customer 8;1;C;699
1;10;110;Customer 9;1;C;289
1;10;110;Customer 10;1;C;77
1;10;110;Customer 1;1;C;100
1;10;110;Customer 12;1;C;747
1;10;110;Unknown;1;C;5452
1;10;110;Customer 2;2;A;675
1;10;110;Customer 13;2;A;675
1;10;110;Customer 5;2;A;675
1;10;110;Customer 6;2;A;675
1;10;110;Customer 12;2;A;675
1;10;110;Customer 8;2;A;675
1;10;110;Customer 10;2;A;600
1;10;110;Customer 11;2;A;675
1;10;110;Unknown;2;A;5325
1;10;110;Customer 3;2;D;150
1;10;110;Customer 4;2;D;1575
1;10;110;Customer 5;2;D;1500
1;10;110;Customer 6;2;D;300
1;10;110;Customer 7;2;D;1575
1;10;110;Customer 8;2;D;1500
1;10;110;Customer 9;2;D;1500
1;10;110;Customer 10;2;D;1500
1;10;110;Customer 11;2;D;1500
1;10;110;Unknown;2;D;11100
1;11;111;Customer 1;1;A;437
1;11;111;Customer 2;1;A;459
1;11;111;Customer 3;1;A;318
1;11;111;Customer 4;1;A;775
1;11;111;Customer 5;1;A;668
1;11;111;Customer 6;1;A;356
1;11;111;Customer 7;1;A;1000
1;11;111;Customer 8;1;A;996
1;11;111;Customer 9;1;A;424
1;11;111;Customer 10;1;A;112
1;11;111;Customer 14;1;A;121
1;11;111;Unknown;1;A;5677
1;11;111;Customer 1;1;B;968
1;11;111;Customer 11;1;B;506
1;11;111;Customer 4;1;B;522
1;11;111;Customer 5;1;B;588
1;11;111;Customer 12;1;B;923
1;11;111;Customer 8;1;B;322
1;11;111;Customer 13;1;B;730
1;11;111;Customer 10;1;B;760
1;11;111;Customer 3;1;B;164
1;11;111;Unknown;1;B;5494
1;11;111;Customer 3;1;C;881
1;11;111;Customer 11;1;C;348
1;11;111;Customer 5;1;C;213
1;11;111;Customer 6;1;C;494
1;11;111;Customer 7;1;C;387
1;11;111;Customer 8;1;C;550
1;11;111;Customer 9;1;C;887
1;11;111;Customer 10;1;C;368
1;11;111;Customer 1;1;C;101
1;11;111;Customer 12;1;C;344
1;11;111;Unknown;1;C;4584
1;11;111;Customer 2;2;A;675
1;11;111;Customer 13;2;A;675
1;11;111;Customer 5;2;A;675
1;11;111;Customer 6;2;A;700
1;11;111;Customer 12;2;A;675
1;11;111;Customer 8;2;A;675
1;11;111;Customer 10;2;A;600
1;11;111;Customer 11;2;A;675
1;11;111;Unknown;2;A;5350
1;11;111;Customer 2;2;D;1050
1;11;111;Customer 3;2;D;165
1;11;111;Customer 4;2;D;165
1;11;111;Customer 5;2;D;157
1;11;111;Customer 6;2;D;300
1;11;111;Customer 7;2;D;1575
1;11;111;Customer 8;2;D;1725
1;11;111;Customer 9;2;D;1650
1;11;111;Customer 10;2;D;1575
1;11;111;Customer 11;2;D;1575
1;11;111;Unknown;2;D;9937
1;12;112;Customer 1;1;A;829
1;12;112;Customer 2;1;A;628
1;12;112;Customer 3;1;A;403
1;12;112;Customer 4;1;A;327
1;12;112;Customer 5;1;A;274
1;12;112;Customer 6;1;A;717
1;12;112;Customer 7;1;A;120
1;12;112;Customer 9;1;A;875
1;12;112;Customer 10;1;A;172
1;12;112;Customer 14;1;A;97
1;12;112;Unknown;1;A;4454
1;12;112;Customer 1;1;B;666
1;12;112;Customer 2;1;B;736
1;12;112;Customer 11;1;B;548
1;12;112;Customer 4;1;B;361
1;12;112;Customer 8;1;B;239
1;12;112;Customer 13;1;B;410
1;12;112;Customer 10;1;B;431
1;12;112;Customer 3;1;B;95
1;12;112;Unknown;1;B;3498
1;12;112;Customer 3;1;C;297
1;12;112;Customer 11;1;C;261
1;12;112;Customer 5;1;C;300
1;12;112;Customer 6;1;C;653
1;12;112;Customer 8;1;C;550
1;12;112;Customer 9;1;C;853
1;12;112;Customer 10;1;C;781
1;12;112;Customer 1;1;C;115
1;12;112;Customer 12;1;C;400
1;12;112;Unknown;1;C;4222
1;12;112;Customer 2;2;A;675
1;12;112;Customer 13;2;A;675
1;12;112;Customer 5;2;A;750
1;12;112;Customer 6;2;A;700
1;12;112;Customer 12;2;A;700
1;12;112;Customer 8;2;A;675
1;12;112;Customer 9;2;A;700
1;12;112;Customer 10;2;A;675
1;12;112;Customer 11;2;A;675
1;12;112;Unknown;2;A;6225
1;12;112;Customer 2;2;D;1050
1;12;112;Customer 3;2;D;365
1;12;112;Customer 4;2;D;865
1;12;112;Customer 6;2;D;300
1;12;112;Customer 7;2;D;1575
1;12;112;Customer 8;2;D;1725
1;12;112;Customer 9;2;D;1650
1;12;112;Customer 10;2;D;1575
1;12;112;Customer 11;2;D;1575
1;12;112;Unknown;2;D;10680
1;13;113;Customer 1;1;A;906
1;13;113;Customer 2;1;A;975
1;13;113;Customer 3;1;A;487
1;13;113;Customer 4;1;A;1252
1;13;113;Customer 5;1;A;607
1;13;113;Customer 6;1;A;522
1;13;113;Customer 7;1;A;698
1;13;113;Customer 8;1;A;649
1;13;113;Customer 9;1;A;452
1;13;113;Customer 10;1;A;121
1;13;113;Customer 14;1;A;113
1;13;113;Unknown;1;A;6795
1;13;113;Customer 1;1;B;125
1;13;113;Customer 2;1;B;791
1;13;113;Customer 11;1;B;611
1;13;113;Customer 4;1;B;775
1;13;113;Customer 5;1;B;931
1;13;113;Customer 12;1;B;635
1;13;113;Customer 8;1;B;410
1;13;113;Customer 13;1;B;433
1;13;113;Customer 10;1;B;300
1;13;113;Customer 3;1;B;112
1;13;113;Unknown;1;B;5136
1;13;113;Customer 3;1;C;641
1;13;113;Customer 11;1;C;445
1;13;113;Customer 5;1;C;702
1;13;113;Customer 6;1;C;518
1;13;113;Customer 7;1;C;545
1;13;113;Customer 8;1;C;701
1;13;113;Customer 9;1;C;609
1;13;113;Customer 10;1;C;812
1;13;113;Customer 1;1;C;144
1;13;113;Customer 12;1;C;635
1;13;113;Unknown;1;C;5765
1;13;113;Customer 2;2;A;600
1;13;113;Customer 13;2;A;675
1;13;113;Customer 5;2;A;750
1;13;113;Customer 6;2;A;750
1;13;113;Customer 12;2;A;700
1;13;113;Customer 8;2;A;600
1;13;113;Customer 9;2;A;800
1;13;113;Customer 10;2;A;700
1;13;113;Customer 11;2;A;800
1;13;113;Unknown;2;A;6375
1;13;113;Customer 2;2;D;1050
1;13;113;Customer 3;2;D;565
1;13;113;Customer 4;2;D;865
1;13;113;Customer 5;2;D;1570
1;13;113;Customer 6;2;D;300
1;13;113;Customer 7;2;D;1575
1;13;113;Customer 8;2;D;1725
1;13;113;Customer 10;2;D;1575
1;13;113;Customer 11;2;D;1575
1;13;113;Unknown;2;D;10800
1;14;114;Customer 1;1;A;706
1;14;114;Customer 2;1;A;917
1;14;114;Customer 3;1;A;757
1;14;114;Customer 4;1;A;1598
1;14;114;Customer 5;1;A;399
1;14;114;Customer 6;1;A;945
1;14;114;Customer 7;1;A;520
1;14;114;Customer 8;1;A;536
1;14;114;Customer 9;1;A;800
1;14;114;Customer 10;1;A;201
1;14;114;Customer 14;1;A;111
1;14;114;Unknown;1;A;7504
1;14;114;Customer 1;1;B;925
1;14;114;Customer 2;1;B;577
1;14;114;Customer 11;1;B;636
1;14;114;Customer 4;1;B;729
1;14;114;Customer 5;1;B;551
1;14;114;Customer 12;1;B;699
1;14;114;Customer 8;1;B;202
1;14;114;Customer 13;1;B;1070
1;14;114;Customer 10;1;B;719
1;14;114;Customer 3;1;B;96
1;14;114;Unknown;1;B;6218
1;14;114;Customer 3;1;C;673
1;14;114;Customer 11;1;C;438
1;14;114;Customer 5;1;C;611
1;14;114;Customer 6;1;C;588
1;14;114;Customer 7;1;C;578
1;14;114;Customer 8;1;C;688
1;14;114;Customer 9;1;C;655
1;14;114;Customer 10;1;C;820
1;14;114;Customer 1;1;C;349
1;14;114;Customer 12;1;C;699
1;14;114;Unknown;1;C;6113
1;14;114;Customer 2;2;A;600
1;14;114;Customer 13;2;A;675
1;14;114;Customer 5;2;A;800
1;14;114;Customer 6;2;A;750
1;14;114;Customer 12;2;A;750
1;14;114;Customer 8;2;A;600
1;14;114;Customer 9;2;A;800
1;14;114;Customer 10;2;A;800
1;14;114;Customer 11;2;A;900
1;14;114;Unknown;2;A;6675
1;14;114;Customer 2;2;D;1050
1;14;114;Customer 3;2;D;1965
1;14;114;Customer 4;2;D;1650
1;14;114;Customer 5;2;D;1570
1;14;114;Customer 6;2;D;300
1;14;114;Customer 7;2;D;1575
1;14;114;Customer 8;2;D;1725
1;14;114;Customer 9;2;D;1650
1;14;114;Customer 11;2;D;1575
1;14;114;Unknown;2;D;13060
1;15;115;Customer 1;1;A;888
1;15;115;Customer 2;1;A;753
1;15;115;Customer 3;1;A;907
1;15;115;Customer 4;1;A;1773
1;15;115;Customer 5;1;A;555
1;15;115;Customer 6;1;A;505
1;15;115;Customer 7;1;A;414
1;15;115;Customer 8;1;A;605
1;15;115;Customer 9;1;A;829
1;15;115;Customer 10;1;A;99
1;15;115;Customer 14;1;A;110
1;15;115;Unknown;1;A;7453
1;15;115;Customer 3;1;C;655
1;15;115;Customer 11;1;C;400
1;15;115;Customer 5;1;C;755
1;15;115;Customer 6;1;C;642
1;15;115;Customer 7;1;C;533
1;15;115;Customer 8;1;C;643
1;15;115;Customer 9;1;C;740
1;15;115;Customer 10;1;C;755
1;15;115;Customer 1;1;C;340
1;15;115;Customer 12;1;C;750
1;15;115;Unknown;1;C;6228
1;15;115;Customer 2;2;A;800
1;15;115;Customer 13;2;A;800
1;15;115;Customer 5;2;A;800
1;15;115;Customer 6;2;A;900
1;15;115;Customer 12;2;A;800
1;15;115;Customer 8;2;A;800
1;15;115;Customer 9;2;A;800
1;15;115;Customer 10;2;A;800
1;15;115;Customer 11;2;A;900
1;15;115;Unknown;2;A;7400
1;15;115;Customer 2;2;D;1050
1;15;115;Customer 3;2;D;1565
1;15;115;Customer 4;2;D;1650
1;15;115;Customer 5;2;D;1770
1;15;115;Customer 6;2;D;300
1;15;115;Customer 7;2;D;1575
1;15;115;Customer 8;2;D;1725
1;15;115;Customer 9;2;D;1650
1;15;115;Customer 10;2;D;1575
1;15;115;Unknown;2;D;12860
